,source_alphabet_size,source_density,source_dimension,source_stationary_state,training_length,ci_words_length,nll_source,nll_learned
0,2,0.1,2,True,[100000],2,-0.9969535001780874,-0.9972640395508554
1,2,0.1,2,True,[100000],4,-0.9969535001780874,-0.9974433279318252
2,2,0.1,2,True,[100000],6,-0.9969535001780874,-0.9975246789522068
3,2,0.1,4,True,[100000],2,-0.8568982783333052,-1.925822860045417
4,2,0.1,4,True,[100000],2,-0.8568982783333052,-2.383271980909723
5,2,0.1,4,True,[100000],4,-0.8568982783333052,-1.2279328026000367
6,2,0.1,4,True,[100000],4,-0.8568982783333052,-0.9166092250376924
7,2,0.1,4,True,[100000],6,-0.8568982783333052,-1.2020019465856988
8,2,0.1,4,True,[100000],6,-0.8568982783333052,nan
9,2,0.1,8,True,[100000],2,-0.48830348018816444,-0.6219604242694355
10,2,0.1,8,True,[100000],2,-0.48830348018816444,-0.8453732459283129
11,2,0.1,8,True,[100000],2,-0.48830348018816444,-0.8453732459482789
12,2,0.1,8,True,[100000],2,-0.48830348018816444,-0.8453732459368991
13,2,0.1,8,True,[100000],4,-0.48830348018816444,-0.8573926080198081
14,2,0.1,8,True,[100000],4,-0.48830348018816444,-0.5094111259370294
15,2,0.1,8,True,[100000],4,-0.48830348018816444,-0.5063072134787864
16,2,0.1,8,True,[100000],4,-0.48830348018816444,-0.5360518163072711
17,2,0.1,8,True,[100000],6,-0.48830348018816444,-0.8798629930420363
18,2,0.1,8,True,[100000],6,-0.48830348018816444,-0.5408865388895522
19,2,0.1,8,True,[100000],6,-0.48830348018816444,-0.5656713978061728
20,2,0.1,8,True,[100000],6,-0.48830348018816444,-3.1979392708848273
21,2,0.1,16,True,[100000],2,-0.991025160874229,-2.457242922820618
22,2,0.1,16,True,[100000],2,-0.991025160874229,-2.103582514988405
23,2,0.1,16,True,[100000],2,-0.991025160874229,-2.1035825149877265
24,2,0.1,16,True,[100000],2,-0.991025160874229,-2.1035825149868588
25,2,0.1,16,True,[100000],2,-0.991025160874229,-2.1035825149896095
26,2,0.1,16,True,[100000],2,-0.991025160874229,-2.1035825149891485
27,2,0.1,16,True,[100000],2,-0.991025160874229,-2.1035825149864538
28,2,0.1,16,True,[100000],2,-0.991025160874229,-2.103582514988055
29,2,0.1,16,True,[100000],4,-0.991025160874229,-1.5346629552799702
30,2,0.1,16,True,[100000],4,-0.991025160874229,-0.996919018147101
31,2,0.1,16,True,[100000],4,-0.991025160874229,-0.9960940973271623
32,2,0.1,16,True,[100000],4,-0.991025160874229,-1.015195176042653
33,2,0.1,16,True,[100000],4,-0.991025160874229,-1.0030788293026325
34,2,0.1,16,True,[100000],4,-0.991025160874229,-1.0048638069684739
35,2,0.1,16,True,[100000],4,-0.991025160874229,-1.019014041739417
36,2,0.1,16,True,[100000],4,-0.991025160874229,nan
37,2,0.1,16,True,[100000],6,-0.991025160874229,-0.9995523817842545
38,2,0.1,16,True,[100000],6,-0.991025160874229,-0.9978644026741039
39,2,0.1,16,True,[100000],6,-0.991025160874229,-0.997129172559564
40,2,0.1,16,True,[100000],6,-0.991025160874229,-0.9967578806888053
41,2,0.1,16,True,[100000],6,-0.991025160874229,-0.9965362074004595
42,2,0.1,16,True,[100000],6,-0.991025160874229,-1.5232148742042764
43,2,0.1,16,True,[100000],6,-0.991025160874229,nan
44,2,0.1,16,True,[100000],6,-0.991025160874229,-0.996462384629412
45,2,0.5,2,True,[100000],2,-0.9822953890843489,-0.9822991538052058
46,2,0.5,2,True,[100000],4,-0.9822953890843489,-0.9827447536478777
47,2,0.5,2,True,[100000],6,-0.9822953890843489,-0.9838613773326563
48,2,0.5,4,True,[100000],2,-0.9809738996154037,-0.9810911238809504
49,2,0.5,4,True,[100000],2,-0.9809738996154037,-3.231636469154702
50,2,0.5,4,True,[100000],4,-0.9809738996154037,-0.9813855823634544
51,2,0.5,4,True,[100000],4,-0.9809738996154037,nan
52,2,0.5,4,True,[100000],6,-0.9809738996154037,-0.9824977198689755
53,2,0.5,4,True,[100000],6,-0.9809738996154037,-0.9824385585337696
54,2,0.5,8,True,[100000],2,-0.9968272100786318,-0.9968886990553566
55,2,0.5,8,True,[100000],2,-0.9968272100786318,-2.0478074754429145
56,2,0.5,8,True,[100000],2,-0.9968272100786318,-2.047807475439496
57,2,0.5,8,True,[100000],2,-0.9968272100786318,-2.047807475443958
58,2,0.5,8,True,[100000],4,-0.9968272100786318,-0.9967794965937791
59,2,0.5,8,True,[100000],4,-0.9968272100786318,-3.074627259232511
60,2,0.5,8,True,[100000],4,-0.9968272100786318,-2.5245897462521873
61,2,0.5,8,True,[100000],4,-0.9968272100786318,nan
62,2,0.5,8,True,[100000],6,-0.9968272100786318,-0.9966593710044437
63,2,0.5,8,True,[100000],6,-0.9968272100786318,-1.4373147785192986
64,2,0.5,8,True,[100000],6,-0.9968272100786318,nan
65,2,0.5,8,True,[100000],6,-0.9968272100786318,nan
66,2,0.5,16,True,[100000],2,-0.9980389543989061,-0.9981730594778775
67,2,0.5,16,True,[100000],2,-0.9980389543989061,-2.4856016962287373
68,2,0.5,16,True,[100000],2,-0.9980389543989061,-2.485601696225559
69,2,0.5,16,True,[100000],2,-0.9980389543989061,-2.485601696221112
70,2,0.5,16,True,[100000],2,-0.9980389543989061,-2.4856016962090552
71,2,0.5,16,True,[100000],2,-0.9980389543989061,-2.485601696245944
72,2,0.5,16,True,[100000],2,-0.9980389543989061,-2.485601696210777
73,2,0.5,16,True,[100000],2,-0.9980389543989061,-2.4856016962211207
74,2,0.5,16,True,[100000],4,-0.9980389543989061,-0.9981951875043233
75,2,0.5,16,True,[100000],4,-0.9980389543989061,-0.9990958276157909
76,2,0.5,16,True,[100000],4,-0.9980389543989061,-2.933062215150766
77,2,0.5,16,True,[100000],4,-0.9980389543989061,nan
78,2,0.5,16,True,[100000],4,-0.9980389543989061,-2.3310107975727266
79,2,0.5,16,True,[100000],4,-0.9980389543989061,nan
80,2,0.5,16,True,[100000],4,-0.9980389543989061,nan
81,2,0.5,16,True,[100000],4,-0.9980389543989061,nan
82,2,0.5,16,True,[100000],6,-0.9980389543989061,-0.9981129229725212
83,2,0.5,16,True,[100000],6,-0.9980389543989061,-1.000154798126263
84,2,0.5,16,True,[100000],6,-0.9980389543989061,nan
85,2,0.5,16,True,[100000],6,-0.9980389543989061,nan
86,2,0.5,16,True,[100000],6,-0.9980389543989061,nan
87,2,0.5,16,True,[100000],6,-0.9980389543989061,-1.5550938462189636
88,2,0.5,16,True,[100000],6,-0.9980389543989061,-2.290108103419559
89,2,0.5,16,True,[100000],6,-0.9980389543989061,nan
90,2,1.0,2,True,[100000],2,-0.9737261508933728,-0.9737423088056716
91,2,1.0,2,True,[100000],4,-0.9737261508933728,-0.973367576896504
92,2,1.0,2,True,[100000],6,-0.9737261508933728,-0.9737349173049556
93,2,1.0,4,True,[100000],2,-0.9992342357968579,-0.9992879576646329
94,2,1.0,4,True,[100000],2,-0.9992342357968579,-0.9991636925188074
95,2,1.0,4,True,[100000],4,-0.9992342357968579,-0.9992870593192243
96,2,1.0,4,True,[100000],4,-0.9992342357968579,-1.0024853202895416
97,2,1.0,4,True,[100000],6,-0.9992342357968579,-0.9993368032178318
98,2,1.0,4,True,[100000],6,-0.9992342357968579,-0.9992510139399082
99,2,1.0,8,True,[100000],2,-0.9977856971240658,-0.9978426185690247
100,2,1.0,8,True,[100000],2,-0.9977856971240658,-3.32716005336124
101,2,1.0,8,True,[100000],2,-0.9977856971240658,-3.3271600533431567
102,2,1.0,8,True,[100000],2,-0.9977856971240658,-3.3271600533323933
103,2,1.0,8,True,[100000],4,-0.9977856971240658,-0.9976967404155548
104,2,1.0,8,True,[100000],4,-0.9977856971240658,-0.9976917910826579
105,2,1.0,8,True,[100000],4,-0.9977856971240658,-2.7005276198144323
106,2,1.0,8,True,[100000],4,-0.9977856971240658,nan
107,2,1.0,8,True,[100000],6,-0.9977856971240658,-0.9976421887453762
108,2,1.0,8,True,[100000],6,-0.9977856971240658,nan
109,2,1.0,8,True,[100000],6,-0.9977856971240658,nan
110,2,1.0,8,True,[100000],6,-0.9977856971240658,nan
111,2,1.0,16,True,[100000],2,-0.998296826115722,-1.2525572623556498
112,2,1.0,16,True,[100000],2,-0.998296826115722,-4.079054352394321
113,2,1.0,16,True,[100000],2,-0.998296826115722,-4.079054352581877
114,2,1.0,16,True,[100000],2,-0.998296826115722,-4.079054352488744
115,2,1.0,16,True,[100000],2,-0.998296826115722,-4.0790543524806555
116,2,1.0,16,True,[100000],2,-0.998296826115722,-4.07905435236424
117,2,1.0,16,True,[100000],2,-0.998296826115722,-4.07905435245038
118,2,1.0,16,True,[100000],2,-0.998296826115722,-4.079054352590692
119,2,1.0,16,True,[100000],4,-0.998296826115722,-0.9982745082526977
120,2,1.0,16,True,[100000],4,-0.998296826115722,-0.9982763530049745
121,2,1.0,16,True,[100000],4,-0.998296826115722,-2.0017923603900067
122,2,1.0,16,True,[100000],4,-0.998296826115722,nan
123,2,1.0,16,True,[100000],4,-0.998296826115722,-3.2040730247078324
124,2,1.0,16,True,[100000],4,-0.998296826115722,nan
125,2,1.0,16,True,[100000],4,-0.998296826115722,-3.686271741779218
126,2,1.0,16,True,[100000],4,-0.998296826115722,nan
127,2,1.0,16,True,[100000],6,-0.998296826115722,-0.9983626013340785
128,2,1.0,16,True,[100000],6,-0.998296826115722,-0.9983488822768074
129,2,1.0,16,True,[100000],6,-0.998296826115722,-1.0240071259347556
130,2,1.0,16,True,[100000],6,-0.998296826115722,nan
131,2,1.0,16,True,[100000],6,-0.998296826115722,nan
132,2,1.0,16,True,[100000],6,-0.998296826115722,nan
133,2,1.0,16,True,[100000],6,-0.998296826115722,nan
134,2,1.0,16,True,[100000],6,-0.998296826115722,nan
135,4,0.1,2,True,[100000],2,-1.7628619204651734,-1.8061038082272614
136,4,0.1,2,True,[100000],4,-1.7628619204651734,-1.9068558349067601
137,4,0.1,2,True,[100000],6,-1.7628619204651734,-1.8021716215460482
138,4,0.1,4,True,[100000],2,-1.861522566567777,-1.9086836776203189
139,4,0.1,4,True,[100000],2,-1.861522566567777,-1.8627929652828104
140,4,0.1,4,True,[100000],4,-1.861522566567777,-1.9762377651358547
141,4,0.1,4,True,[100000],4,-1.861522566567777,-1.8682626710256993
142,4,0.1,4,True,[100000],6,-1.861522566567777,-1.9536711415454033
143,4,0.1,4,True,[100000],6,-1.861522566567777,-1.8821495689800607
144,4,0.1,8,True,[100000],2,-1.8761154546335845,-2.7731680978912374
145,4,0.1,8,True,[100000],2,-1.8761154546335845,-1.9237607217330974
146,4,0.1,8,True,[100000],2,-1.8761154546335845,-1.9661569509932786
147,4,0.1,8,True,[100000],2,-1.8761154546335845,-2.098766048469017
148,4,0.1,8,True,[100000],4,-1.8761154546335845,-1.9744849220141725
149,4,0.1,8,True,[100000],4,-1.8761154546335845,-1.932417380985368
150,4,0.1,8,True,[100000],4,-1.8761154546335845,-1.902519201540091
151,4,0.1,8,True,[100000],4,-1.8761154546335845,-2.006860167984927
152,4,0.1,8,True,[100000],6,-1.8761154546335845,-2.041928154285332
153,4,0.1,8,True,[100000],6,-1.8761154546335845,-1.9740350998107101
154,4,0.1,8,True,[100000],6,-1.8761154546335845,-2.057475742197174
155,4,0.1,8,True,[100000],6,-1.8761154546335845,-2.040743700370389
156,4,0.1,16,True,[100000],2,-1.9521084199160301,-2.044313441699147
157,4,0.1,16,True,[100000],2,-1.9521084199160301,-1.968690278181575
158,4,0.1,16,True,[100000],2,-1.9521084199160301,-1.9869049320197139
159,4,0.1,16,True,[100000],2,-1.9521084199160301,-1.9723441115770421
160,4,0.1,16,True,[100000],2,-1.9521084199160301,-2.0040259696472065
161,4,0.1,16,True,[100000],2,-1.9521084199160301,-3.635761116621254
162,4,0.1,16,True,[100000],2,-1.9521084199160301,-4.326129469742403
163,4,0.1,16,True,[100000],2,-1.9521084199160301,-4.528466680493792
164,4,0.1,16,True,[100000],4,-1.9521084199160301,-1.9742670586677302
165,4,0.1,16,True,[100000],4,-1.9521084199160301,-1.9676824576677738
166,4,0.1,16,True,[100000],4,-1.9521084199160301,-1.9635973732038658
167,4,0.1,16,True,[100000],4,-1.9521084199160301,-1.962918261592416
168,4,0.1,16,True,[100000],4,-1.9521084199160301,-1.9657444357291909
169,4,0.1,16,True,[100000],4,-1.9521084199160301,-1.9754913460389394
170,4,0.1,16,True,[100000],4,-1.9521084199160301,-1.969900405205889
171,4,0.1,16,True,[100000],4,-1.9521084199160301,-1.96492144228548
172,4,0.1,16,True,[100000],6,-1.9521084199160301,-1.9938518405138512
173,4,0.1,16,True,[100000],6,-1.9521084199160301,-1.9938928498461979
174,4,0.1,16,True,[100000],6,-1.9521084199160301,-1.9938066215473282
175,4,0.1,16,True,[100000],6,-1.9521084199160301,-2.6196869986355007
176,4,0.1,16,True,[100000],6,-1.9521084199160301,nan
177,4,0.1,16,True,[100000],6,-1.9521084199160301,-3.069417830659428
178,4,0.1,16,True,[100000],6,-1.9521084199160301,-3.074613616780308
179,4,0.1,16,True,[100000],6,-1.9521084199160301,nan
180,4,0.5,2,True,[100000],2,-1.908592955365054,-1.908079071265739
181,4,0.5,2,True,[100000],4,-1.908592955365054,-1.94541813492762
182,4,0.5,2,True,[100000],6,-1.908592955365054,-2.0754526718380277
183,4,0.5,4,True,[100000],2,-1.9205237643772002,-1.9291692119030126
184,4,0.5,4,True,[100000],2,-1.9205237643772002,-1.9224400173701235
185,4,0.5,4,True,[100000],4,-1.9205237643772002,-1.9304273128616893
186,4,0.5,4,True,[100000],4,-1.9205237643772002,-1.9239031672677975
187,4,0.5,4,True,[100000],6,-1.9205237643772002,-1.9530566632297797
188,4,0.5,4,True,[100000],6,-1.9205237643772002,-1.9526801428074454
189,4,0.5,8,True,[100000],2,-1.9952469677660847,-1.9967470565673955
190,4,0.5,8,True,[100000],2,-1.9952469677660847,-1.9953226600531961
191,4,0.5,8,True,[100000],2,-1.9952469677660847,-1.9953737027026728
192,4,0.5,8,True,[100000],2,-1.9952469677660847,-1.9956007790410843
193,4,0.5,8,True,[100000],4,-1.9952469677660847,-1.9969013500860973
194,4,0.5,8,True,[100000],4,-1.9952469677660847,-1.996734421264576
195,4,0.5,8,True,[100000],4,-1.9952469677660847,-1.9966098647137067
196,4,0.5,8,True,[100000],4,-1.9952469677660847,-1.9964368203377563
197,4,0.5,8,True,[100000],6,-1.9952469677660847,-2.0056859854659534
198,4,0.5,8,True,[100000],6,-1.9952469677660847,-2.005635495659552
199,4,0.5,8,True,[100000],6,-1.9952469677660847,-2.0055867425887666
200,4,0.5,8,True,[100000],6,-1.9952469677660847,-2.005477363356953
201,4,0.5,16,True,[100000],2,-1.995451792205129,-1.9954382931437704
202,4,0.5,16,True,[100000],2,-1.995451792205129,-2.0058968123142416
203,4,0.5,16,True,[100000],2,-1.995451792205129,-1.9962030129242618
204,4,0.5,16,True,[100000],2,-1.995451792205129,-1.9954817586179596
205,4,0.5,16,True,[100000],2,-1.995451792205129,-3.9704483851961943
206,4,0.5,16,True,[100000],2,-1.995451792205129,-3.7139370477395013
207,4,0.5,16,True,[100000],2,-1.995451792205129,-4.214463498050475
208,4,0.5,16,True,[100000],2,-1.995451792205129,nan
209,4,0.5,16,True,[100000],4,-1.995451792205129,-1.9958239436400997
210,4,0.5,16,True,[100000],4,-1.995451792205129,-1.9958073377185541
211,4,0.5,16,True,[100000],4,-1.995451792205129,-2.37925317263356
212,4,0.5,16,True,[100000],4,-1.995451792205129,-2.4238005791791246
213,4,0.5,16,True,[100000],4,-1.995451792205129,-2.771542569819561
214,4,0.5,16,True,[100000],4,-1.995451792205129,-2.893727375557777
215,4,0.5,16,True,[100000],4,-1.995451792205129,-2.5092061145057443
216,4,0.5,16,True,[100000],4,-1.995451792205129,-2.913037391457925
217,4,0.5,16,True,[100000],6,-1.995451792205129,-2.003097429245325
218,4,0.5,16,True,[100000],6,-1.995451792205129,-2.0030646921663724
219,4,0.5,16,True,[100000],6,-1.995451792205129,-2.003052583531733
220,4,0.5,16,True,[100000],6,-1.995451792205129,-2.003011468361568
221,4,0.5,16,True,[100000],6,-1.995451792205129,-2.003007361430526
222,4,0.5,16,True,[100000],6,-1.995451792205129,-2.0029699929671736
223,4,0.5,16,True,[100000],6,-1.995451792205129,-2.002959412540797
224,4,0.5,16,True,[100000],6,-1.995451792205129,-2.003065144095358
225,4,1.0,2,True,[100000],2,-1.989276669322661,-1.9893758085769813
226,4,1.0,2,True,[100000],4,-1.989276669322661,-1.9902201512594302
227,4,1.0,2,True,[100000],6,-1.989276669322661,-2.001554512582705
228,4,1.0,4,True,[100000],2,-1.97955719285035,-1.980684695374384
229,4,1.0,4,True,[100000],2,-1.97955719285035,-1.9793390014023362
230,4,1.0,4,True,[100000],4,-1.97955719285035,-1.9826176095819508
231,4,1.0,4,True,[100000],4,-1.97955719285035,-2.6240648563835367
232,4,1.0,4,True,[100000],6,-1.97955719285035,-1.9956315614929065
233,4,1.0,4,True,[100000],6,-1.97955719285035,-1.9956275076611647
234,4,1.0,8,True,[100000],2,-1.9983902416518617,-1.9982788047534916
235,4,1.0,8,True,[100000],2,-1.9983902416518617,-1.9981507755572672
236,4,1.0,8,True,[100000],2,-1.9983902416518617,-1.99820815230159
237,4,1.0,8,True,[100000],2,-1.9983902416518617,-2.658392073057363
238,4,1.0,8,True,[100000],4,-1.9983902416518617,-2.227246880902681
239,4,1.0,8,True,[100000],4,-1.9983902416518617,-2.22518646107018
240,4,1.0,8,True,[100000],4,-1.9983902416518617,-2.1784086193818313
241,4,1.0,8,True,[100000],4,-1.9983902416518617,-2.9694037555017787
242,4,1.0,8,True,[100000],6,-1.9983902416518617,-2.0034728540248077
243,4,1.0,8,True,[100000],6,-1.9983902416518617,-2.0034469757922477
244,4,1.0,8,True,[100000],6,-1.9983902416518617,-2.0034323094200968
245,4,1.0,8,True,[100000],6,-1.9983902416518617,-2.003403493058668
246,4,1.0,16,True,[100000],2,-1.9995041022649365,-1.9995338656394324
247,4,1.0,16,True,[100000],2,-1.9995041022649365,-3.147054404899111
248,4,1.0,16,True,[100000],2,-1.9995041022649365,-3.9890795558480026
249,4,1.0,16,True,[100000],2,-1.9995041022649365,-3.788374730477655
250,4,1.0,16,True,[100000],2,-1.9995041022649365,-3.465989843108031
251,4,1.0,16,True,[100000],2,-1.9995041022649365,-3.8027722002514808
252,4,1.0,16,True,[100000],2,-1.9995041022649365,-3.994604981321061
253,4,1.0,16,True,[100000],2,-1.9995041022649365,-3.9773984448205586
254,4,1.0,16,True,[100000],4,-1.9995041022649365,-1.9995233420433796
255,4,1.0,16,True,[100000],4,-1.9995041022649365,-1.9995091102457532
256,4,1.0,16,True,[100000],4,-1.9995041022649365,-1.9995150006680917
257,4,1.0,16,True,[100000],4,-1.9995041022649365,-1.999521544622002
258,4,1.0,16,True,[100000],4,-1.9995041022649365,-1.999528085012103
259,4,1.0,16,True,[100000],4,-1.9995041022649365,-2.0820225555658567
260,4,1.0,16,True,[100000],4,-1.9995041022649365,-2.2443898729077048
261,4,1.0,16,True,[100000],4,-1.9995041022649365,-2.3245326344477397
262,4,1.0,16,True,[100000],6,-1.9995041022649365,-2.0034335261982945
263,4,1.0,16,True,[100000],6,-1.9995041022649365,-2.0034161744057233
264,4,1.0,16,True,[100000],6,-1.9995041022649365,-2.0034155345620515
265,4,1.0,16,True,[100000],6,-1.9995041022649365,-2.003404287665521
266,4,1.0,16,True,[100000],6,-1.9995041022649365,-2.0034042808798507
267,4,1.0,16,True,[100000],6,-1.9995041022649365,-2.003408210633035
268,4,1.0,16,True,[100000],6,-1.9995041022649365,-2.0033994661095775
269,4,1.0,16,True,[100000],6,-1.9995041022649365,-2.0033897838918038
270,6,0.1,2,True,[100000],2,-2.1063870708353316,-2.1130064593665727
271,6,0.1,2,True,[100000],4,-2.1063870708353316,-2.2359094812907996
272,6,0.1,4,True,[100000],2,-2.433641206553936,-2.505187685214469
273,6,0.1,4,True,[100000],2,-2.433641206553936,-2.4479637315188714
274,6,0.1,4,True,[100000],4,-2.433641206553936,-2.5113647359881504
275,6,0.1,4,True,[100000],4,-2.433641206553936,-2.4668848077671344
276,6,0.1,8,True,[100000],2,-2.4199302862058967,-2.5347803854077973
277,6,0.1,8,True,[100000],2,-2.4199302862058967,-2.5058679030808153
278,6,0.1,8,True,[100000],2,-2.4199302862058967,-2.5056289375419323
279,6,0.1,8,True,[100000],2,-2.4199302862058967,-2.4701028827552145
280,6,0.1,8,True,[100000],4,-2.4199302862058967,-2.5494274616387815
281,6,0.1,8,True,[100000],4,-2.4199302862058967,-2.522738012305073
282,6,0.1,8,True,[100000],4,-2.4199302862058967,-2.4916976100716166
283,6,0.1,8,True,[100000],4,-2.4199302862058967,-2.4692967887413437
284,6,0.1,16,True,[100000],2,-2.5611961299684167,-2.573637368776708
285,6,0.1,16,True,[100000],2,-2.5611961299684167,-2.569413586270598
286,6,0.1,16,True,[100000],2,-2.5611961299684167,-2.842641949415241
287,6,0.1,16,True,[100000],2,-2.5611961299684167,-2.727821837084473
288,6,0.1,16,True,[100000],2,-2.5611961299684167,-2.6202542032201075
289,6,0.1,16,True,[100000],2,-2.5611961299684167,-2.7461084367039
290,6,0.1,16,True,[100000],2,-2.5611961299684167,-3.478206465148694
291,6,0.1,16,True,[100000],2,-2.5611961299684167,-4.182060926516916
292,6,0.1,16,True,[100000],4,-2.5611961299684167,-2.577588220171815
293,6,0.1,16,True,[100000],4,-2.5611961299684167,-2.575956039110522
294,6,0.1,16,True,[100000],4,-2.5611961299684167,-3.6554604501058847
295,6,0.1,16,True,[100000],4,-2.5611961299684167,-2.890662570124673
296,6,0.1,16,True,[100000],4,-2.5611961299684167,-3.1421472477234773
297,6,0.1,16,True,[100000],4,-2.5611961299684167,-3.644823923558913
298,6,0.1,16,True,[100000],4,-2.5611961299684167,-3.4366074189041917
299,6,0.1,16,True,[100000],4,-2.5611961299684167,-3.515923835888897
300,6,0.5,2,True,[100000],2,-2.4226084613465804,-2.4243182284780675
301,6,0.5,2,True,[100000],4,-2.4226084613465804,-2.4314671645463655
302,6,0.5,4,True,[100000],2,-2.5567411934425066,-2.561861290644209
303,6,0.5,4,True,[100000],2,-2.5567411934425066,-2.5569142270676766
304,6,0.5,4,True,[100000],4,-2.5567411934425066,-2.8981576367257857
305,6,0.5,4,True,[100000],4,-2.5567411934425066,-2.9226611679072927
306,6,0.5,8,True,[100000],2,-2.5771748121730265,-2.578017323956455
307,6,0.5,8,True,[100000],2,-2.5771748121730265,-2.577612300237313
308,6,0.5,8,True,[100000],2,-2.5771748121730265,-2.634855236291678
309,6,0.5,8,True,[100000],2,-2.5771748121730265,-3.852251884292892
310,6,0.5,8,True,[100000],4,-2.5771748121730265,-2.5815051014140806
311,6,0.5,8,True,[100000],4,-2.5771748121730265,-2.5813405832628886
312,6,0.5,8,True,[100000],4,-2.5771748121730265,-2.5813095970578845
313,6,0.5,8,True,[100000],4,-2.5771748121730265,-2.5812783967135022
314,6,0.5,16,True,[100000],2,-2.5836393301001346,-2.5836243450081
315,6,0.5,16,True,[100000],2,-2.5836393301001346,-2.5834693740677195
316,6,0.5,16,True,[100000],2,-2.5836393301001346,-2.743988462975208
317,6,0.5,16,True,[100000],2,-2.5836393301001346,-2.80319953464868
318,6,0.5,16,True,[100000],2,-2.5836393301001346,-2.9931741238058542
319,6,0.5,16,True,[100000],2,-2.5836393301001346,-3.6998008206165585
320,6,0.5,16,True,[100000],2,-2.5836393301001346,-3.5235969115555954
321,6,0.5,16,True,[100000],2,-2.5836393301001346,-3.97806258719751
322,6,0.5,16,True,[100000],4,-2.5836393301001346,-2.5846445520722194
323,6,0.5,16,True,[100000],4,-2.5836393301001346,-2.5846376201563994
324,6,0.5,16,True,[100000],4,-2.5836393301001346,-2.584607138513547
325,6,0.5,16,True,[100000],4,-2.5836393301001346,-2.5845909096841613
326,6,0.5,16,True,[100000],4,-2.5836393301001346,-2.584565727233772
327,6,0.5,16,True,[100000],4,-2.5836393301001346,-2.5845516990293853
328,6,0.5,16,True,[100000],4,-2.5836393301001346,-2.5845448924469467
329,6,0.5,16,True,[100000],4,-2.5836393301001346,-2.5845351888810657
330,6,1.0,2,True,[100000],2,-2.50147874010543,-2.502847229116335
331,6,1.0,2,True,[100000],4,-2.50147874010543,-2.513023836357458
332,6,1.0,4,True,[100000],2,-2.572691882534927,-2.5725500443874334
333,6,1.0,4,True,[100000],2,-2.572691882534927,-2.572439211022156
334,6,1.0,4,True,[100000],4,-2.572691882534927,-2.576599402509102
335,6,1.0,4,True,[100000],4,-2.572691882534927,-2.576481561207348
336,6,1.0,8,True,[100000],2,-2.5839744022477253,-2.584153042735381
337,6,1.0,8,True,[100000],2,-2.5839744022477253,-3.0618476348410137
338,6,1.0,8,True,[100000],2,-2.5839744022477253,-2.6352858661096894
339,6,1.0,8,True,[100000],2,-2.5839744022477253,-3.7888265823832463
340,6,1.0,8,True,[100000],4,-2.5839744022477253,-2.634530897925228
341,6,1.0,8,True,[100000],4,-2.5839744022477253,-2.7135505030338685
342,6,1.0,8,True,[100000],4,-2.5839744022477253,-2.5924301161345955
343,6,1.0,8,True,[100000],4,-2.5839744022477253,-2.7471501074160383
344,6,1.0,16,True,[100000],2,-2.5845155264188193,-2.584494529274357
345,6,1.0,16,True,[100000],2,-2.5845155264188193,-3.14664123382605
346,6,1.0,16,True,[100000],2,-2.5845155264188193,-3.5064420702724366
347,6,1.0,16,True,[100000],2,-2.5845155264188193,-3.5578154946780294
348,6,1.0,16,True,[100000],2,-2.5845155264188193,-3.7305497927247164
349,6,1.0,16,True,[100000],2,-2.5845155264188193,-4.101591512612138
350,6,1.0,16,True,[100000],2,-2.5845155264188193,-4.030994897081257
351,6,1.0,16,True,[100000],2,-2.5845155264188193,-4.214604980992972
352,6,1.0,16,True,[100000],4,-2.5845155264188193,-2.5849752219539437
353,6,1.0,16,True,[100000],4,-2.5845155264188193,-2.5849327260504738
354,6,1.0,16,True,[100000],4,-2.5845155264188193,-2.5849370399607263
355,6,1.0,16,True,[100000],4,-2.5845155264188193,-2.5849336570534245
356,6,1.0,16,True,[100000],4,-2.5845155264188193,-2.5849288471403975
357,6,1.0,16,True,[100000],4,-2.5845155264188193,-2.5849243453559803
358,6,1.0,16,True,[100000],4,-2.5845155264188193,-2.5849137074564172
359,6,1.0,16,True,[100000],4,-2.5845155264188193,-2.5849159261188763
360,8,0.1,2,True,[100000],2,-2.8609942299390183,-2.8601577927467914
361,8,0.1,2,True,[100000],4,-2.8609942299390183,-2.9049059851408003
362,8,0.1,4,True,[100000],2,-2.836597640768419,-2.960420658326483
363,8,0.1,4,True,[100000],2,-2.836597640768419,-2.88291476528605
364,8,0.1,4,True,[100000],4,-2.836597640768419,-2.9744688479751384
365,8,0.1,4,True,[100000],4,-2.836597640768419,-2.958110753291738
366,8,0.1,8,True,[100000],2,-2.8736428093126682,-2.9748992642594896
367,8,0.1,8,True,[100000],2,-2.8736428093126682,-3.200116919552065
368,8,0.1,8,True,[100000],2,-2.8736428093126682,-2.9479066804418874
369,8,0.1,8,True,[100000],2,-2.8736428093126682,-2.910175676956366
370,8,0.1,8,True,[100000],4,-2.8736428093126682,-3.0646527440562292
371,8,0.1,8,True,[100000],4,-2.8736428093126682,-2.984638865210666
372,8,0.1,8,True,[100000],4,-2.8736428093126682,-2.9793820862171745
373,8,0.1,8,True,[100000],4,-2.8736428093126682,-2.9787697422280597
374,8,0.1,16,True,[100000],2,-2.9530296880494005,-2.9829409661601867
375,8,0.1,16,True,[100000],2,-2.9530296880494005,-2.973373554273069
376,8,0.1,16,True,[100000],2,-2.9530296880494005,-2.967167207664709
377,8,0.1,16,True,[100000],2,-2.9530296880494005,-3.0677907841631713
378,8,0.1,16,True,[100000],2,-2.9530296880494005,-2.984651099223869
379,8,0.1,16,True,[100000],2,-2.9530296880494005,-3.292436272318663
380,8,0.1,16,True,[100000],2,-2.9530296880494005,-3.2713446331474425
381,8,0.1,16,True,[100000],2,-2.9530296880494005,-4.215549372906716
382,8,0.1,16,True,[100000],4,-2.9530296880494005,-3.0143295465880477
383,8,0.1,16,True,[100000],4,-2.9530296880494005,-3.0128482313573155
384,8,0.1,16,True,[100000],4,-2.9530296880494005,-3.0130061686347314
385,8,0.1,16,True,[100000],4,-2.9530296880494005,-3.0123763366371907
386,8,0.1,16,True,[100000],4,-2.9530296880494005,-3.0124707810541147
387,8,0.1,16,True,[100000],4,-2.9530296880494005,-3.0123328148817676
388,8,0.1,16,True,[100000],4,-2.9530296880494005,-3.012461178330432
389,8,0.1,16,True,[100000],4,-2.9530296880494005,-3.0120545925716815
390,8,0.5,2,True,[100000],2,-2.7760634548987118,-2.7758327517230725
391,8,0.5,2,True,[100000],4,-2.7760634548987118,-2.8047650737744845
392,8,0.5,4,True,[100000],2,-2.96246259208975,-2.976661359009723
393,8,0.5,4,True,[100000],2,-2.96246259208975,-2.9635006662878602
394,8,0.5,4,True,[100000],4,-2.96246259208975,-3.021983740199744
395,8,0.5,4,True,[100000],4,-2.96246259208975,-3.0213445376843673
396,8,0.5,8,True,[100000],2,-2.981986566996321,-2.984652453206302
397,8,0.5,8,True,[100000],2,-2.981986566996321,-2.9822687862725226
398,8,0.5,8,True,[100000],2,-2.981986566996321,-2.981384429740523
399,8,0.5,8,True,[100000],2,-2.981986566996321,-2.9829194804591794
400,8,0.5,8,True,[100000],4,-2.981986566996321,-3.0051495819711422
401,8,0.5,8,True,[100000],4,-2.981986566996321,-3.004975052710855
402,8,0.5,8,True,[100000],4,-2.981986566996321,-3.0048877279576818
403,8,0.5,8,True,[100000],4,-2.981986566996321,-3.0047795795273653
404,8,0.5,16,True,[100000],2,-2.9982878762229657,-2.9986837206393653
405,8,0.5,16,True,[100000],2,-2.9982878762229657,-3.640753471430147
406,8,0.5,16,True,[100000],2,-2.9982878762229657,-3.7277449855086267
407,8,0.5,16,True,[100000],2,-2.9982878762229657,-3.352672931046127
408,8,0.5,16,True,[100000],2,-2.9982878762229657,-4.0260247234684945
409,8,0.5,16,True,[100000],2,-2.9982878762229657,-4.077013298420068
410,8,0.5,16,True,[100000],2,-2.9982878762229657,-4.365888923395613
411,8,0.5,16,True,[100000],2,-2.9982878762229657,-4.2112670149918
412,8,0.5,16,True,[100000],4,-2.9982878762229657,-3.016317285207018
413,8,0.5,16,True,[100000],4,-2.9982878762229657,-3.0163051713267826
414,8,0.5,16,True,[100000],4,-2.9982878762229657,-3.088482001867499
415,8,0.5,16,True,[100000],4,-2.9982878762229657,-3.1310309180434897
416,8,0.5,16,True,[100000],4,-2.9982878762229657,-3.1449501987444357
417,8,0.5,16,True,[100000],4,-2.9982878762229657,-3.1506914560153074
418,8,0.5,16,True,[100000],4,-2.9982878762229657,-3.0905566298243285
419,8,0.5,16,True,[100000],4,-2.9982878762229657,-3.021180137459447
420,8,1.0,2,True,[100000],2,-2.975454255616047,-2.97572190348441
421,8,1.0,2,True,[100000],4,-2.975454255616047,-2.999096157353076
422,8,1.0,4,True,[100000],2,-2.9931501233374247,-3.3213289307492415
423,8,1.0,4,True,[100000],2,-2.9931501233374247,-2.9932851018551694
424,8,1.0,4,True,[100000],4,-2.9931501233374247,-3.013329963800705
425,8,1.0,4,True,[100000],4,-2.9931501233374247,-3.1233359678975114
426,8,1.0,8,True,[100000],2,-2.9945335372566717,-2.9944308329452407
427,8,1.0,8,True,[100000],2,-2.9945335372566717,-2.9943566437638034
428,8,1.0,8,True,[100000],2,-2.9945335372566717,-2.994300649455524
429,8,1.0,8,True,[100000],2,-2.9945335372566717,-2.9943790942283086
430,8,1.0,8,True,[100000],4,-2.9945335372566717,-3.011348901571082
431,8,1.0,8,True,[100000],4,-2.9945335372566717,-3.011312026040814
432,8,1.0,8,True,[100000],4,-2.9945335372566717,-3.0110933539787292
433,8,1.0,8,True,[100000],4,-2.9945335372566717,-3.0111093127725286
434,8,1.0,16,True,[100000],2,-2.9996771529069015,-2.999685811826389
435,8,1.0,16,True,[100000],2,-2.9996771529069015,-3.5848020532979605
436,8,1.0,16,True,[100000],2,-2.9996771529069015,-3.875275479766685
437,8,1.0,16,True,[100000],2,-2.9996771529069015,-3.961747495323472
438,8,1.0,16,True,[100000],2,-2.9996771529069015,-4.153653680291061
439,8,1.0,16,True,[100000],2,-2.9996771529069015,-4.2066005720711495
440,8,1.0,16,True,[100000],2,-2.9996771529069015,-4.21508415524431
441,8,1.0,16,True,[100000],2,-2.9996771529069015,-4.355530184735143
442,8,1.0,16,True,[100000],4,-2.9996771529069015,-3.0157300362330157
443,8,1.0,16,True,[100000],4,-2.9996771529069015,-3.0157329372612893
444,8,1.0,16,True,[100000],4,-2.9996771529069015,-3.0157128042169985
445,8,1.0,16,True,[100000],4,-2.9996771529069015,-3.015701715977563
446,8,1.0,16,True,[100000],4,-2.9996771529069015,-3.0156946742484054
447,8,1.0,16,True,[100000],4,-2.9996771529069015,-3.0156820196639282
448,8,1.0,16,True,[100000],4,-2.9996771529069015,-3.0156498532725546
449,8,1.0,16,True,[100000],4,-2.9996771529069015,-3.0156303231870742
