,source_alphabet_size,source_density,source_dimension,source_stationary_state,source_membership_functions,training_length,ci_words_length,target_dimension,nll_source,nll_learned
0,2,0.1,2,True,"get_beta, arg_sum=32",100000,2,2,-0.35308629511176426,-0.3535258388806854
1,2,0.1,2,True,"get_beta, arg_sum=32",100000,6,2,-0.35308629511176426,-0.35155119786964245
2,2,0.1,2,True,"get_beta, arg_sum=32",100000,10,2,-0.35308629511176426,-0.34890796587960493
3,2,0.1,2,True,"get_beta, arg_sum=128",100000,2,2,-0.5041527672182385,-0.504106210148884
4,2,0.1,2,True,"get_beta, arg_sum=128",100000,6,2,-0.5041527672182385,-0.07821321507479471
5,2,0.1,2,True,"get_beta, arg_sum=128",100000,10,2,-0.5041527672182385,-0.5072635665662154
6,2,0.1,8,True,"get_beta, arg_sum=32",100000,2,2,-0.9665502214507005,-0.9907133048745208
7,2,0.1,8,True,"get_beta, arg_sum=32",100000,2,4,-0.9665502214507005,-2.9281396333092347
8,2,0.1,8,True,"get_beta, arg_sum=32",100000,2,6,-0.9665502214507005,-2.9281396333099994
9,2,0.1,8,True,"get_beta, arg_sum=32",100000,2,8,-0.9665502214507005,-2.928139633309727
10,2,0.1,8,True,"get_beta, arg_sum=32",100000,6,2,-0.9665502214507005,-1.0760161372347907
11,2,0.1,8,True,"get_beta, arg_sum=32",100000,6,4,-0.9665502214507005,-1.0053983792356722
12,2,0.1,8,True,"get_beta, arg_sum=32",100000,6,6,-0.9665502214507005,-3.3514705621350167
13,2,0.1,8,True,"get_beta, arg_sum=32",100000,6,8,-0.9665502214507005,-1.002529187895103
14,2,0.1,8,True,"get_beta, arg_sum=32",100000,10,2,-0.9665502214507005,-1.1422455339356739
15,2,0.1,8,True,"get_beta, arg_sum=32",100000,10,4,-0.9665502214507005,-0.99963207725763
16,2,0.1,8,True,"get_beta, arg_sum=32",100000,10,6,-0.9665502214507005,nan
17,2,0.1,8,True,"get_beta, arg_sum=32",100000,10,8,-0.9665502214507005,nan
18,2,0.1,8,True,"get_beta, arg_sum=128",100000,2,2,-0.7538568228099415,-0.9751086224456683
19,2,0.1,8,True,"get_beta, arg_sum=128",100000,2,4,-0.7538568228099415,-2.0371009028692533
20,2,0.1,8,True,"get_beta, arg_sum=128",100000,2,6,-0.7538568228099415,-2.037100902869423
21,2,0.1,8,True,"get_beta, arg_sum=128",100000,2,8,-0.7538568228099415,-2.0371009028693576
22,2,0.1,8,True,"get_beta, arg_sum=128",100000,6,2,-0.7538568228099415,-1.0135935248613253
23,2,0.1,8,True,"get_beta, arg_sum=128",100000,6,4,-0.7538568228099415,-1.1601311118952373
24,2,0.1,8,True,"get_beta, arg_sum=128",100000,6,6,-0.7538568228099415,-0.7737005356641606
25,2,0.1,8,True,"get_beta, arg_sum=128",100000,6,8,-0.7538568228099415,-1.9440630182350258
26,2,0.1,8,True,"get_beta, arg_sum=128",100000,10,2,-0.7538568228099415,-1.0559546835392268
27,2,0.1,8,True,"get_beta, arg_sum=128",100000,10,4,-0.7538568228099415,-1.1444328439076743
28,2,0.1,8,True,"get_beta, arg_sum=128",100000,10,6,-0.7538568228099415,-0.8122223476145808
29,2,0.1,8,True,"get_beta, arg_sum=128",100000,10,8,-0.7538568228099415,nan
30,2,0.1,16,True,"get_beta, arg_sum=32",100000,2,2,-0.9925493654761812,-2.0324014289282304
31,2,0.1,16,True,"get_beta, arg_sum=32",100000,2,4,-0.9925493654761812,-2.0359639503281826
32,2,0.1,16,True,"get_beta, arg_sum=32",100000,2,6,-0.9925493654761812,-2.035963950355213
33,2,0.1,16,True,"get_beta, arg_sum=32",100000,2,8,-0.9925493654761812,-2.035963950357147
34,2,0.1,16,True,"get_beta, arg_sum=32",100000,2,10,-0.9925493654761812,-2.0359639503384015
35,2,0.1,16,True,"get_beta, arg_sum=32",100000,2,12,-0.9925493654761812,-2.0359639503561047
36,2,0.1,16,True,"get_beta, arg_sum=32",100000,2,14,-0.9925493654761812,-2.035963950341953
37,2,0.1,16,True,"get_beta, arg_sum=32",100000,2,16,-0.9925493654761812,-2.035963950348874
38,2,0.1,16,True,"get_beta, arg_sum=32",100000,6,2,-0.9925493654761812,-1.0205325778842873
39,2,0.1,16,True,"get_beta, arg_sum=32",100000,6,4,-0.9925493654761812,-1.0202850552262452
40,2,0.1,16,True,"get_beta, arg_sum=32",100000,6,6,-0.9925493654761812,-1.020472886795734
41,2,0.1,16,True,"get_beta, arg_sum=32",100000,6,8,-0.9925493654761812,-1.020471490042696
42,2,0.1,16,True,"get_beta, arg_sum=32",100000,6,10,-0.9925493654761812,nan
43,2,0.1,16,True,"get_beta, arg_sum=32",100000,6,12,-0.9925493654761812,nan
44,2,0.1,16,True,"get_beta, arg_sum=32",100000,6,14,-0.9925493654761812,nan
45,2,0.1,16,True,"get_beta, arg_sum=32",100000,6,16,-0.9925493654761812,nan
46,2,0.1,16,True,"get_beta, arg_sum=32",100000,10,2,-0.9925493654761812,-1.0213284712165716
47,2,0.1,16,True,"get_beta, arg_sum=32",100000,10,4,-0.9925493654761812,-1.0212743062311591
48,2,0.1,16,True,"get_beta, arg_sum=32",100000,10,6,-0.9925493654761812,-1.0214694881032682
49,2,0.1,16,True,"get_beta, arg_sum=32",100000,10,8,-0.9925493654761812,-1.0216929589093486
50,2,0.1,16,True,"get_beta, arg_sum=32",100000,10,10,-0.9925493654761812,-1.0458575216865529
51,2,0.1,16,True,"get_beta, arg_sum=32",100000,10,12,-0.9925493654761812,nan
52,2,0.1,16,True,"get_beta, arg_sum=32",100000,10,14,-0.9925493654761812,nan
53,2,0.1,16,True,"get_beta, arg_sum=32",100000,10,16,-0.9925493654761812,nan
54,2,0.1,16,True,"get_beta, arg_sum=128",100000,2,2,-0.9630218767998445,-1.0594875020131074
55,2,0.1,16,True,"get_beta, arg_sum=128",100000,2,4,-0.9630218767998445,-2.84706895377674
56,2,0.1,16,True,"get_beta, arg_sum=128",100000,2,6,-0.9630218767998445,-2.8470689537768066
57,2,0.1,16,True,"get_beta, arg_sum=128",100000,2,8,-0.9630218767998445,-2.8470689537765845
58,2,0.1,16,True,"get_beta, arg_sum=128",100000,2,10,-0.9630218767998445,-2.847068953776972
59,2,0.1,16,True,"get_beta, arg_sum=128",100000,2,12,-0.9630218767998445,-2.847068953777172
60,2,0.1,16,True,"get_beta, arg_sum=128",100000,2,14,-0.9630218767998445,-2.847068953776887
61,2,0.1,16,True,"get_beta, arg_sum=128",100000,2,16,-0.9630218767998445,-2.84706895377677
62,2,0.1,16,True,"get_beta, arg_sum=128",100000,6,2,-0.9630218767998445,-1.059579451088091
63,2,0.1,16,True,"get_beta, arg_sum=128",100000,6,4,-0.9630218767998445,-1.0592294681413545
64,2,0.1,16,True,"get_beta, arg_sum=128",100000,6,6,-0.9630218767998445,-1.0600417381231886
65,2,0.1,16,True,"get_beta, arg_sum=128",100000,6,8,-0.9630218767998445,-1.0630861884967062
66,2,0.1,16,True,"get_beta, arg_sum=128",100000,6,10,-0.9630218767998445,nan
67,2,0.1,16,True,"get_beta, arg_sum=128",100000,6,12,-0.9630218767998445,nan
68,2,0.1,16,True,"get_beta, arg_sum=128",100000,6,14,-0.9630218767998445,nan
69,2,0.1,16,True,"get_beta, arg_sum=128",100000,6,16,-0.9630218767998445,nan
70,2,0.1,16,True,"get_beta, arg_sum=128",100000,10,2,-0.9630218767998445,-1.062175120067802
71,2,0.1,16,True,"get_beta, arg_sum=128",100000,10,4,-0.9630218767998445,-2.6354849329673793
72,2,0.1,16,True,"get_beta, arg_sum=128",100000,10,6,-0.9630218767998445,-1.0642993573695834
73,2,0.1,16,True,"get_beta, arg_sum=128",100000,10,8,-0.9630218767998445,-1.0637682665238324
74,2,0.1,16,True,"get_beta, arg_sum=128",100000,10,10,-0.9630218767998445,-1.063540692963754
75,2,0.1,16,True,"get_beta, arg_sum=128",100000,10,12,-0.9630218767998445,-1.1173617985888962
76,2,0.1,16,True,"get_beta, arg_sum=128",100000,10,14,-0.9630218767998445,nan
77,2,0.1,16,True,"get_beta, arg_sum=128",100000,10,16,-0.9630218767998445,nan
78,2,0.5,2,True,"get_beta, arg_sum=32",100000,2,2,-0.99779126347883,-1.006626768141522
79,2,0.5,2,True,"get_beta, arg_sum=32",100000,6,2,-0.99779126347883,-1.0061311094056336
80,2,0.5,2,True,"get_beta, arg_sum=32",100000,10,2,-0.99779126347883,-1.006555595854426
81,2,0.5,2,True,"get_beta, arg_sum=128",100000,2,2,-0.9633865128314102,-0.9633054788995381
82,2,0.5,2,True,"get_beta, arg_sum=128",100000,6,2,-0.9633865128314102,-0.9631394168540589
83,2,0.5,2,True,"get_beta, arg_sum=128",100000,10,2,-0.9633865128314102,-0.9695095512397869
84,2,0.5,8,True,"get_beta, arg_sum=32",100000,2,2,-0.9975700728176362,-1.0014317082664075
85,2,0.5,8,True,"get_beta, arg_sum=32",100000,2,4,-0.9975700728176362,-1.0012955566141042
86,2,0.5,8,True,"get_beta, arg_sum=32",100000,2,6,-0.9975700728176362,-1.0012955566141057
87,2,0.5,8,True,"get_beta, arg_sum=32",100000,2,8,-0.9975700728176362,-1.0012955566141049
88,2,0.5,8,True,"get_beta, arg_sum=32",100000,6,2,-0.9975700728176362,-1.0012071136771703
89,2,0.5,8,True,"get_beta, arg_sum=32",100000,6,4,-0.9975700728176362,-1.0012110500563736
90,2,0.5,8,True,"get_beta, arg_sum=32",100000,6,6,-0.9975700728176362,nan
91,2,0.5,8,True,"get_beta, arg_sum=32",100000,6,8,-0.9975700728176362,nan
92,2,0.5,8,True,"get_beta, arg_sum=32",100000,10,2,-0.9975700728176362,-1.0023035477410505
93,2,0.5,8,True,"get_beta, arg_sum=32",100000,10,4,-0.9975700728176362,-1.0021417195389735
94,2,0.5,8,True,"get_beta, arg_sum=32",100000,10,6,-0.9975700728176362,nan
95,2,0.5,8,True,"get_beta, arg_sum=32",100000,10,8,-0.9975700728176362,nan
96,2,0.5,8,True,"get_beta, arg_sum=128",100000,2,2,-0.999301691979424,-0.999542203024882
97,2,0.5,8,True,"get_beta, arg_sum=128",100000,2,4,-0.999301691979424,-3.5267583324064877
98,2,0.5,8,True,"get_beta, arg_sum=128",100000,2,6,-0.999301691979424,-3.5267583323949427
99,2,0.5,8,True,"get_beta, arg_sum=128",100000,2,8,-0.999301691979424,-3.5267583323776317
100,2,0.5,8,True,"get_beta, arg_sum=128",100000,6,2,-0.999301691979424,-0.9994611621821323
101,2,0.5,8,True,"get_beta, arg_sum=128",100000,6,4,-0.999301691979424,-0.9994327635820327
102,2,0.5,8,True,"get_beta, arg_sum=128",100000,6,6,-0.999301691979424,-2.441222435949319
103,2,0.5,8,True,"get_beta, arg_sum=128",100000,6,8,-0.999301691979424,-2.39376507422248
104,2,0.5,8,True,"get_beta, arg_sum=128",100000,10,2,-0.999301691979424,-0.9998784176791231
105,2,0.5,8,True,"get_beta, arg_sum=128",100000,10,4,-0.999301691979424,-0.999883231517815
106,2,0.5,8,True,"get_beta, arg_sum=128",100000,10,6,-0.999301691979424,nan
107,2,0.5,8,True,"get_beta, arg_sum=128",100000,10,8,-0.999301691979424,-1.0357939296439824
108,2,0.5,16,True,"get_beta, arg_sum=32",100000,2,2,-0.9978925831589232,-0.9978352439613968
109,2,0.5,16,True,"get_beta, arg_sum=32",100000,2,4,-0.9978925831589232,nan
110,2,0.5,16,True,"get_beta, arg_sum=32",100000,2,6,-0.9978925831589232,nan
111,2,0.5,16,True,"get_beta, arg_sum=32",100000,2,8,-0.9978925831589232,nan
112,2,0.5,16,True,"get_beta, arg_sum=32",100000,2,10,-0.9978925831589232,nan
113,2,0.5,16,True,"get_beta, arg_sum=32",100000,2,12,-0.9978925831589232,nan
114,2,0.5,16,True,"get_beta, arg_sum=32",100000,2,14,-0.9978925831589232,nan
115,2,0.5,16,True,"get_beta, arg_sum=32",100000,2,16,-0.9978925831589232,nan
116,2,0.5,16,True,"get_beta, arg_sum=32",100000,6,2,-0.9978925831589232,-0.9979657276948706
117,2,0.5,16,True,"get_beta, arg_sum=32",100000,6,4,-0.9978925831589232,-3.431406882168465
118,2,0.5,16,True,"get_beta, arg_sum=32",100000,6,6,-0.9978925831589232,-0.9978822586008981
119,2,0.5,16,True,"get_beta, arg_sum=32",100000,6,8,-0.9978925831589232,-2.2536113353510063
120,2,0.5,16,True,"get_beta, arg_sum=32",100000,6,10,-0.9978925831589232,nan
121,2,0.5,16,True,"get_beta, arg_sum=32",100000,6,12,-0.9978925831589232,nan
122,2,0.5,16,True,"get_beta, arg_sum=32",100000,6,14,-0.9978925831589232,-2.382020487403972
123,2,0.5,16,True,"get_beta, arg_sum=32",100000,6,16,-0.9978925831589232,nan
124,2,0.5,16,True,"get_beta, arg_sum=32",100000,10,2,-0.9978925831589232,-0.999291175858802
125,2,0.5,16,True,"get_beta, arg_sum=32",100000,10,4,-0.9978925831589232,-0.999321037323524
126,2,0.5,16,True,"get_beta, arg_sum=32",100000,10,6,-0.9978925831589232,-0.9992923192842347
127,2,0.5,16,True,"get_beta, arg_sum=32",100000,10,8,-0.9978925831589232,nan
128,2,0.5,16,True,"get_beta, arg_sum=32",100000,10,10,-0.9978925831589232,nan
129,2,0.5,16,True,"get_beta, arg_sum=32",100000,10,12,-0.9978925831589232,nan
130,2,0.5,16,True,"get_beta, arg_sum=32",100000,10,14,-0.9978925831589232,-1.194419854253557
131,2,0.5,16,True,"get_beta, arg_sum=32",100000,10,16,-0.9978925831589232,nan
132,2,0.5,16,True,"get_beta, arg_sum=128",100000,2,2,-0.9993910246583374,-0.9997112068357704
133,2,0.5,16,True,"get_beta, arg_sum=128",100000,2,4,-0.9993910246583374,-4.183744466745298
134,2,0.5,16,True,"get_beta, arg_sum=128",100000,2,6,-0.9993910246583374,-4.183744466753834
135,2,0.5,16,True,"get_beta, arg_sum=128",100000,2,8,-0.9993910246583374,-4.18374446674948
136,2,0.5,16,True,"get_beta, arg_sum=128",100000,2,10,-0.9993910246583374,-4.183744466747255
137,2,0.5,16,True,"get_beta, arg_sum=128",100000,2,12,-0.9993910246583374,-4.18374446674167
138,2,0.5,16,True,"get_beta, arg_sum=128",100000,2,14,-0.9993910246583374,-4.183744466759942
139,2,0.5,16,True,"get_beta, arg_sum=128",100000,2,16,-0.9993910246583374,-4.183744466749871
140,2,0.5,16,True,"get_beta, arg_sum=128",100000,6,2,-0.9993910246583374,-0.9997004612095429
141,2,0.5,16,True,"get_beta, arg_sum=128",100000,6,4,-0.9993910246583374,-1.509207211965828
142,2,0.5,16,True,"get_beta, arg_sum=128",100000,6,6,-0.9993910246583374,-1.031473204503917
143,2,0.5,16,True,"get_beta, arg_sum=128",100000,6,8,-0.9993910246583374,-1.204041362752078
144,2,0.5,16,True,"get_beta, arg_sum=128",100000,6,10,-0.9993910246583374,-1.469307408394051
145,2,0.5,16,True,"get_beta, arg_sum=128",100000,6,12,-0.9993910246583374,-1.7335335894535613
146,2,0.5,16,True,"get_beta, arg_sum=128",100000,6,14,-0.9993910246583374,nan
147,2,0.5,16,True,"get_beta, arg_sum=128",100000,6,16,-0.9993910246583374,nan
148,2,0.5,16,True,"get_beta, arg_sum=128",100000,10,2,-0.9993910246583374,-1.0005239937446135
149,2,0.5,16,True,"get_beta, arg_sum=128",100000,10,4,-0.9993910246583374,-1.0005177285712672
150,2,0.5,16,True,"get_beta, arg_sum=128",100000,10,6,-0.9993910246583374,-1.0005004698721682
151,2,0.5,16,True,"get_beta, arg_sum=128",100000,10,8,-0.9993910246583374,-1.0004943683461727
152,2,0.5,16,True,"get_beta, arg_sum=128",100000,10,10,-0.9993910246583374,-1.3040203919925084
153,2,0.5,16,True,"get_beta, arg_sum=128",100000,10,12,-0.9993910246583374,-1.2472235431491734
154,2,0.5,16,True,"get_beta, arg_sum=128",100000,10,14,-0.9993910246583374,-1.5096691872270964
155,2,0.5,16,True,"get_beta, arg_sum=128",100000,10,16,-0.9993910246583374,-1.0670007722033696
156,2,1.0,2,True,"get_beta, arg_sum=32",100000,2,2,-0.897642925314457,-0.896564019243623
157,2,1.0,2,True,"get_beta, arg_sum=32",100000,6,2,-0.897642925314457,-0.8960575730365522
158,2,1.0,2,True,"get_beta, arg_sum=32",100000,10,2,-0.897642925314457,-0.8913891098637312
159,2,1.0,2,True,"get_beta, arg_sum=128",100000,2,2,-0.9934866482622551,-1.0192351442390382
160,2,1.0,2,True,"get_beta, arg_sum=128",100000,6,2,-0.9934866482622551,-1.0170517318775432
161,2,1.0,2,True,"get_beta, arg_sum=128",100000,10,2,-0.9934866482622551,-1.0159077148130946
162,2,1.0,8,True,"get_beta, arg_sum=32",100000,2,2,-0.9999149922371613,-0.9999248159196418
163,2,1.0,8,True,"get_beta, arg_sum=32",100000,2,4,-0.9999149922371613,-1.00024405505588
164,2,1.0,8,True,"get_beta, arg_sum=32",100000,2,6,-0.9999149922371613,-1.0002440550559166
165,2,1.0,8,True,"get_beta, arg_sum=32",100000,2,8,-0.9999149922371613,-1.000244055055877
166,2,1.0,8,True,"get_beta, arg_sum=32",100000,6,2,-0.9999149922371613,-0.9998879180801049
167,2,1.0,8,True,"get_beta, arg_sum=32",100000,6,4,-0.9999149922371613,-0.9998873774541227
168,2,1.0,8,True,"get_beta, arg_sum=32",100000,6,6,-0.9999149922371613,nan
169,2,1.0,8,True,"get_beta, arg_sum=32",100000,6,8,-0.9999149922371613,nan
170,2,1.0,8,True,"get_beta, arg_sum=32",100000,10,2,-0.9999149922371613,-1.0000719027754925
171,2,1.0,8,True,"get_beta, arg_sum=32",100000,10,4,-0.9999149922371613,-1.0000729276176918
172,2,1.0,8,True,"get_beta, arg_sum=32",100000,10,6,-0.9999149922371613,-1.0000747363909859
173,2,1.0,8,True,"get_beta, arg_sum=32",100000,10,8,-0.9999149922371613,-1.0000742633714137
174,2,1.0,8,True,"get_beta, arg_sum=128",100000,2,2,-0.9973911638470305,-1.6827931170505115
175,2,1.0,8,True,"get_beta, arg_sum=128",100000,2,4,-0.9973911638470305,-2.8268068118928826
176,2,1.0,8,True,"get_beta, arg_sum=128",100000,2,6,-0.9973911638470305,-2.8268068119205596
177,2,1.0,8,True,"get_beta, arg_sum=128",100000,2,8,-0.9973911638470305,-2.826806811907334
178,2,1.0,8,True,"get_beta, arg_sum=128",100000,6,2,-0.9973911638470305,-1.0083536315486772
179,2,1.0,8,True,"get_beta, arg_sum=128",100000,6,4,-0.9973911638470305,-3.110015805890124
180,2,1.0,8,True,"get_beta, arg_sum=128",100000,6,6,-0.9973911638470305,-4.165314082917265
181,2,1.0,8,True,"get_beta, arg_sum=128",100000,6,8,-0.9973911638470305,-2.664438664792005
182,2,1.0,8,True,"get_beta, arg_sum=128",100000,10,2,-0.9973911638470305,-1.009665483966217
183,2,1.0,8,True,"get_beta, arg_sum=128",100000,10,4,-0.9973911638470305,-1.0096548986374618
184,2,1.0,8,True,"get_beta, arg_sum=128",100000,10,6,-0.9973911638470305,-1.0096447757377365
185,2,1.0,8,True,"get_beta, arg_sum=128",100000,10,8,-0.9973911638470305,-1.009638966191954
186,2,1.0,16,True,"get_beta, arg_sum=32",100000,2,2,-0.9997420268666539,-0.9997505407116014
187,2,1.0,16,True,"get_beta, arg_sum=32",100000,2,4,-0.9997420268666539,-2.545583382201711
188,2,1.0,16,True,"get_beta, arg_sum=32",100000,2,6,-0.9997420268666539,-2.5455833815483238
189,2,1.0,16,True,"get_beta, arg_sum=32",100000,2,8,-0.9997420268666539,-2.545583384066184
190,2,1.0,16,True,"get_beta, arg_sum=32",100000,2,10,-0.9997420268666539,-2.5455833849344676
191,2,1.0,16,True,"get_beta, arg_sum=32",100000,2,12,-0.9997420268666539,-2.545583384405603
192,2,1.0,16,True,"get_beta, arg_sum=32",100000,2,14,-0.9997420268666539,-2.545583384885313
193,2,1.0,16,True,"get_beta, arg_sum=32",100000,2,16,-0.9997420268666539,-2.5455833839119406
194,2,1.0,16,True,"get_beta, arg_sum=32",100000,6,2,-0.9997420268666539,-0.9997374392926535
195,2,1.0,16,True,"get_beta, arg_sum=32",100000,6,4,-0.9997420268666539,nan
196,2,1.0,16,True,"get_beta, arg_sum=32",100000,6,6,-0.9997420268666539,nan
197,2,1.0,16,True,"get_beta, arg_sum=32",100000,6,8,-0.9997420268666539,nan
198,2,1.0,16,True,"get_beta, arg_sum=32",100000,6,10,-0.9997420268666539,nan
199,2,1.0,16,True,"get_beta, arg_sum=32",100000,6,12,-0.9997420268666539,-1.7424436567932338
200,2,1.0,16,True,"get_beta, arg_sum=32",100000,6,14,-0.9997420268666539,-1.1603588576616897
201,2,1.0,16,True,"get_beta, arg_sum=32",100000,6,16,-0.9997420268666539,nan
202,2,1.0,16,True,"get_beta, arg_sum=32",100000,10,2,-0.9997420268666539,-0.9997952322273548
203,2,1.0,16,True,"get_beta, arg_sum=32",100000,10,4,-0.9997420268666539,-0.999799157777125
204,2,1.0,16,True,"get_beta, arg_sum=32",100000,10,6,-0.9997420268666539,-0.9997964319975526
205,2,1.0,16,True,"get_beta, arg_sum=32",100000,10,8,-0.9997420268666539,-0.9997860941173374
206,2,1.0,16,True,"get_beta, arg_sum=32",100000,10,10,-0.9997420268666539,-0.9997848436152782
207,2,1.0,16,True,"get_beta, arg_sum=32",100000,10,12,-0.9997420268666539,-0.9997793708641425
208,2,1.0,16,True,"get_beta, arg_sum=32",100000,10,14,-0.9997420268666539,-0.9997811471966063
209,2,1.0,16,True,"get_beta, arg_sum=32",100000,10,16,-0.9997420268666539,nan
210,2,1.0,16,True,"get_beta, arg_sum=128",100000,2,2,-0.9988489816702443,-2.697469297299193
211,2,1.0,16,True,"get_beta, arg_sum=128",100000,2,4,-0.9988489816702443,-3.1852929289993464
212,2,1.0,16,True,"get_beta, arg_sum=128",100000,2,6,-0.9988489816702443,-3.1852929290028666
213,2,1.0,16,True,"get_beta, arg_sum=128",100000,2,8,-0.9988489816702443,-3.1852929289944742
214,2,1.0,16,True,"get_beta, arg_sum=128",100000,2,10,-0.9988489816702443,-3.1852929290029657
215,2,1.0,16,True,"get_beta, arg_sum=128",100000,2,12,-0.9988489816702443,-3.1852929289919802
216,2,1.0,16,True,"get_beta, arg_sum=128",100000,2,14,-0.9988489816702443,-3.185292929021382
217,2,1.0,16,True,"get_beta, arg_sum=128",100000,2,16,-0.9988489816702443,-3.1852929290032335
218,2,1.0,16,True,"get_beta, arg_sum=128",100000,6,2,-0.9988489816702443,-1.0031614269768032
219,2,1.0,16,True,"get_beta, arg_sum=128",100000,6,4,-0.9988489816702443,-1.0031949271995821
220,2,1.0,16,True,"get_beta, arg_sum=128",100000,6,6,-0.9988489816702443,-1.5094069756759307
221,2,1.0,16,True,"get_beta, arg_sum=128",100000,6,8,-0.9988489816702443,nan
222,2,1.0,16,True,"get_beta, arg_sum=128",100000,6,10,-0.9988489816702443,nan
223,2,1.0,16,True,"get_beta, arg_sum=128",100000,6,12,-0.9988489816702443,-2.8284245607853653
224,2,1.0,16,True,"get_beta, arg_sum=128",100000,6,14,-0.9988489816702443,-3.6275903560666345
225,2,1.0,16,True,"get_beta, arg_sum=128",100000,6,16,-0.9988489816702443,nan
226,2,1.0,16,True,"get_beta, arg_sum=128",100000,10,2,-0.9988489816702443,-1.0126337928434628
227,2,1.0,16,True,"get_beta, arg_sum=128",100000,10,4,-0.9988489816702443,-1.556028468635492
228,2,1.0,16,True,"get_beta, arg_sum=128",100000,10,6,-0.9988489816702443,-1.0117507647825175
229,2,1.0,16,True,"get_beta, arg_sum=128",100000,10,8,-0.9988489816702443,-1.7108643425523875
230,2,1.0,16,True,"get_beta, arg_sum=128",100000,10,10,-0.9988489816702443,nan
231,2,1.0,16,True,"get_beta, arg_sum=128",100000,10,12,-0.9988489816702443,-3.1037896557951585
232,2,1.0,16,True,"get_beta, arg_sum=128",100000,10,14,-0.9988489816702443,-1.1239274313438787
233,2,1.0,16,True,"get_beta, arg_sum=128",100000,10,16,-0.9988489816702443,-1.3231460816169622
234,6,0.1,2,True,"get_beta, arg_sum=32",100000,2,2,-2.402833241106912,-2.853050061197894
235,6,0.1,2,True,"get_beta, arg_sum=128",100000,2,2,-2.45973029382059,-2.8465481216383917
236,6,0.1,8,True,"get_beta, arg_sum=32",100000,2,2,-2.5420736236820716,-2.640786242230041
237,6,0.1,8,True,"get_beta, arg_sum=32",100000,2,4,-2.5420736236820716,-2.642520581214349
238,6,0.1,8,True,"get_beta, arg_sum=32",100000,2,6,-2.5420736236820716,-2.6389170893532565
239,6,0.1,8,True,"get_beta, arg_sum=32",100000,2,8,-2.5420736236820716,-2.6383968862288647
240,6,0.1,8,True,"get_beta, arg_sum=128",100000,2,2,-2.453052982189248,-2.661089959404413
241,6,0.1,8,True,"get_beta, arg_sum=128",100000,2,4,-2.453052982189248,-2.7203675651616246
242,6,0.1,8,True,"get_beta, arg_sum=128",100000,2,6,-2.453052982189248,-2.704167234316521
243,6,0.1,8,True,"get_beta, arg_sum=128",100000,2,8,-2.453052982189248,-2.763539239156968
244,6,0.1,16,True,"get_beta, arg_sum=32",100000,2,2,-2.573657239483459,-2.58670664361624
245,6,0.1,16,True,"get_beta, arg_sum=32",100000,2,4,-2.573657239483459,-2.5873224220237643
246,6,0.1,16,True,"get_beta, arg_sum=32",100000,2,6,-2.573657239483459,-2.7329017300719096
247,6,0.1,16,True,"get_beta, arg_sum=32",100000,2,8,-2.573657239483459,-3.0113371721938904
248,6,0.1,16,True,"get_beta, arg_sum=32",100000,2,10,-2.573657239483459,-3.0969702418884597
249,6,0.1,16,True,"get_beta, arg_sum=32",100000,2,12,-2.573657239483459,-3.140374103093819
250,6,0.1,16,True,"get_beta, arg_sum=32",100000,2,14,-2.573657239483459,-3.2951111079819797
251,6,0.1,16,True,"get_beta, arg_sum=32",100000,2,16,-2.573657239483459,-3.362215576926854
252,6,0.1,16,True,"get_beta, arg_sum=128",100000,2,2,-2.5536589804836716,-2.5992631289504162
253,6,0.1,16,True,"get_beta, arg_sum=128",100000,2,4,-2.5536589804836716,-2.605874392642305
254,6,0.1,16,True,"get_beta, arg_sum=128",100000,2,6,-2.5536589804836716,-2.6102243628327786
255,6,0.1,16,True,"get_beta, arg_sum=128",100000,2,8,-2.5536589804836716,-2.612177746152976
256,6,0.1,16,True,"get_beta, arg_sum=128",100000,2,10,-2.5536589804836716,-2.6146123338510034
257,6,0.1,16,True,"get_beta, arg_sum=128",100000,2,12,-2.5536589804836716,-2.6163159937108627
258,6,0.1,16,True,"get_beta, arg_sum=128",100000,2,14,-2.5536589804836716,-3.477502061359729
259,6,0.1,16,True,"get_beta, arg_sum=128",100000,2,16,-2.5536589804836716,-4.118300226108719
260,6,0.5,2,True,"get_beta, arg_sum=32",100000,2,2,-2.563260470036098,-2.574225721301632
261,6,0.5,2,True,"get_beta, arg_sum=128",100000,2,2,-2.3444677898433386,-2.457809332090876
262,6,0.5,8,True,"get_beta, arg_sum=32",100000,2,2,-2.5842525779968413,-2.5853079521614184
263,6,0.5,8,True,"get_beta, arg_sum=32",100000,2,4,-2.5842525779968413,-2.5855102719720207
264,6,0.5,8,True,"get_beta, arg_sum=32",100000,2,6,-2.5842525779968413,-2.875850942841234
265,6,0.5,8,True,"get_beta, arg_sum=32",100000,2,8,-2.5842525779968413,-2.899977563749493
266,6,0.5,8,True,"get_beta, arg_sum=128",100000,2,2,-2.579973850544838,-2.586659912850247
267,6,0.5,8,True,"get_beta, arg_sum=128",100000,2,4,-2.579973850544838,-2.7033703498974506
268,6,0.5,8,True,"get_beta, arg_sum=128",100000,2,6,-2.579973850544838,-3.1689126126847085
269,6,0.5,8,True,"get_beta, arg_sum=128",100000,2,8,-2.579973850544838,-3.465623955859539
270,6,0.5,16,True,"get_beta, arg_sum=32",100000,2,2,-2.5842284035115863,-2.584760402345324
271,6,0.5,16,True,"get_beta, arg_sum=32",100000,2,4,-2.5842284035115863,-2.7542015908322144
272,6,0.5,16,True,"get_beta, arg_sum=32",100000,2,6,-2.5842284035115863,-2.9390554578496064
273,6,0.5,16,True,"get_beta, arg_sum=32",100000,2,8,-2.5842284035115863,-2.9533590250464092
274,6,0.5,16,True,"get_beta, arg_sum=32",100000,2,10,-2.5842284035115863,-2.9776086913737596
275,6,0.5,16,True,"get_beta, arg_sum=32",100000,2,12,-2.5842284035115863,-3.2589350630263603
276,6,0.5,16,True,"get_beta, arg_sum=32",100000,2,14,-2.5842284035115863,-3.141654587202849
277,6,0.5,16,True,"get_beta, arg_sum=32",100000,2,16,-2.5842284035115863,-3.2447476529455757
278,6,0.5,16,True,"get_beta, arg_sum=128",100000,2,2,-2.5822732344913084,-2.584722109900699
279,6,0.5,16,True,"get_beta, arg_sum=128",100000,2,4,-2.5822732344913084,-2.686602202755846
280,6,0.5,16,True,"get_beta, arg_sum=128",100000,2,6,-2.5822732344913084,-3.1634637756272848
281,6,0.5,16,True,"get_beta, arg_sum=128",100000,2,8,-2.5822732344913084,-3.2069758434817297
282,6,0.5,16,True,"get_beta, arg_sum=128",100000,2,10,-2.5822732344913084,-3.261727726630725
283,6,0.5,16,True,"get_beta, arg_sum=128",100000,2,12,-2.5822732344913084,-3.7577627335974024
284,6,0.5,16,True,"get_beta, arg_sum=128",100000,2,14,-2.5822732344913084,-3.6716304777856514
285,6,0.5,16,True,"get_beta, arg_sum=128",100000,2,16,-2.5822732344913084,-3.7014504009344162
286,6,1.0,2,True,"get_beta, arg_sum=32",100000,2,2,-2.5502673675619922,-2.6636338069568315
287,6,1.0,2,True,"get_beta, arg_sum=128",100000,2,2,-2.5045964554071096,-2.626657505917273
288,6,1.0,8,True,"get_beta, arg_sum=32",100000,2,2,-2.5844298897678946,-2.586484222545022
289,6,1.0,8,True,"get_beta, arg_sum=32",100000,2,4,-2.5844298897678946,-2.5864195801481453
290,6,1.0,8,True,"get_beta, arg_sum=32",100000,2,6,-2.5844298897678946,-2.5864574584303166
291,6,1.0,8,True,"get_beta, arg_sum=32",100000,2,8,-2.5844298897678946,-2.5864422159759344
292,6,1.0,8,True,"get_beta, arg_sum=128",100000,2,2,-2.5839149117190177,-2.5839498930489917
293,6,1.0,8,True,"get_beta, arg_sum=128",100000,2,4,-2.5839149117190177,-2.583976735603838
294,6,1.0,8,True,"get_beta, arg_sum=128",100000,2,6,-2.5839149117190177,-2.583968808998759
295,6,1.0,8,True,"get_beta, arg_sum=128",100000,2,8,-2.5839149117190177,-3.1831996356673278
296,6,1.0,16,True,"get_beta, arg_sum=32",100000,2,2,-2.5848400708920005,-2.585290866949774
297,6,1.0,16,True,"get_beta, arg_sum=32",100000,2,4,-2.5848400708920005,-2.585609511348378
298,6,1.0,16,True,"get_beta, arg_sum=32",100000,2,6,-2.5848400708920005,-2.585316067174378
299,6,1.0,16,True,"get_beta, arg_sum=32",100000,2,8,-2.5848400708920005,-3.397260020157053
300,6,1.0,16,True,"get_beta, arg_sum=32",100000,2,10,-2.5848400708920005,-3.219896870542703
301,6,1.0,16,True,"get_beta, arg_sum=32",100000,2,12,-2.5848400708920005,-3.267465095074321
302,6,1.0,16,True,"get_beta, arg_sum=32",100000,2,14,-2.5848400708920005,-3.4196038301067664
303,6,1.0,16,True,"get_beta, arg_sum=32",100000,2,16,-2.5848400708920005,-3.0656583473700407
304,6,1.0,16,True,"get_beta, arg_sum=128",100000,2,2,-2.584733944881375,-2.5852424284876987
305,6,1.0,16,True,"get_beta, arg_sum=128",100000,2,4,-2.584733944881375,-2.585258789539025
306,6,1.0,16,True,"get_beta, arg_sum=128",100000,2,6,-2.584733944881375,-3.3698534964066913
307,6,1.0,16,True,"get_beta, arg_sum=128",100000,2,8,-2.584733944881375,-3.4879527293116865
308,6,1.0,16,True,"get_beta, arg_sum=128",100000,2,10,-2.584733944881375,-3.392329864851656
309,6,1.0,16,True,"get_beta, arg_sum=128",100000,2,12,-2.584733944881375,-3.650834534085361
310,6,1.0,16,True,"get_beta, arg_sum=128",100000,2,14,-2.584733944881375,-3.9092415640961575
311,6,1.0,16,True,"get_beta, arg_sum=128",100000,2,16,-2.584733944881375,-3.885076703302801
