,case,name,d0,n0,repetition,nll_source,steps_fsp,fsp_source,seqlength,cwlen,iwlen,rankmax,ranknum,d1,n1,nll_learned,fsp_learned,kl_divergence,mse
0,blended_known,S_3,10,3,1,1.4191630471516679,5,[1.e-20 1.e-20 1.e-20 ... 1.e-20 1.e-20 1.e-20],1000,3,3,8,2,2,3,1.4737741075054698,[1.e-20 1.e-20 1.e-20 ... 1.e-20 1.e-20 1.e-20],0.1618564583455418,0.0015790029005672834
1,blended_known,S_3,10,3,1,1.4191630471516679,5,[1.e-20 1.e-20 1.e-20 ... 1.e-20 1.e-20 1.e-20],1000,3,3,8,2,3,3,1.5024383391631535,[1.e-20 1.e-20 1.e-20 ... 1.e-20 1.e-20 1.e-20],0.2122000827518026,0.002002044323614921
2,blended_known,S_3,10,3,1,1.4191630471516679,5,[1.e-20 1.e-20 1.e-20 ... 1.e-20 1.e-20 1.e-20],1000,3,3,8,2,4,3,1.4958261495633638,[1.e-20 1.e-20 1.e-20 ... 1.e-20 1.e-20 1.e-20],0.19983517251379368,0.0018874247265756971
3,blended_known,S_3,10,3,1,1.4191630471516679,5,[1.e-20 1.e-20 1.e-20 ... 1.e-20 1.e-20 1.e-20],1000,3,3,8,2,5,3,2.829017192341517,"[8.25712592e-21 8.25712592e-21 8.25712592e-21 ... 8.25712592e-21
 8.25712592e-21 8.25712592e-21]",12.767152734526345,0.007771889892259614
4,blended_known,S_3,10,3,1,1.4191630471516679,5,[1.e-20 1.e-20 1.e-20 ... 1.e-20 1.e-20 1.e-20],1000,3,3,8,2,6,3,3.0686482372967063,"[7.05598101e-21 7.05598101e-21 7.05598101e-21 ... 7.05598101e-21
 7.05598101e-21 7.05598101e-21]",15.398630356591934,0.010297767776419615
5,blended_known,S_3,10,3,1,1.4191630471516679,5,[1.e-20 1.e-20 1.e-20 ... 1.e-20 1.e-20 1.e-20],1000,3,3,8,2,7,3,3.1497307318956236,"[7.02105736e-21 7.02105736e-21 7.02105736e-21 ... 7.02105736e-21
 7.02105736e-21 7.02105736e-21]",15.845027989792621,0.011263590101759896
6,blended_known,S_3,10,3,1,1.4191630471516679,5,[1.e-20 1.e-20 1.e-20 ... 1.e-20 1.e-20 1.e-20],1000,3,3,8,2,8,3,3.6024104003000508,"[1.07522124e-21 1.07522124e-21 1.07522124e-21 ... 1.07522124e-21
 1.07522124e-21 1.07522124e-21]",20.419072767986968,0.013544204680851695
7,blended_known,S_3,10,3,1,1.4191630471516679,5,[1.e-20 1.e-20 1.e-20 ... 1.e-20 1.e-20 1.e-20],3162,3,3,8,2,2,3,1.5574424542899217,[1.e-20 1.e-20 1.e-20 ... 1.e-20 1.e-20 1.e-20],0.38663249335049515,0.0045900956641648
8,blended_known,S_3,10,3,1,1.4191630471516679,5,[1.e-20 1.e-20 1.e-20 ... 1.e-20 1.e-20 1.e-20],3162,3,3,8,2,3,3,1.5731725615678636,[1.e-20 1.e-20 1.e-20 ... 1.e-20 1.e-20 1.e-20],0.4296126601653271,0.005103810809651925
9,blended_known,S_3,10,3,1,1.4191630471516679,5,[1.e-20 1.e-20 1.e-20 ... 1.e-20 1.e-20 1.e-20],3162,3,3,8,2,4,3,2.3643346442569886,[1.e-20 1.e-20 1.e-20 ... 1.e-20 1.e-20 1.e-20],0.4081588535322311,0.004527132456603464
10,blended_known,S_3,10,3,1,1.4191630471516679,5,[1.e-20 1.e-20 1.e-20 ... 1.e-20 1.e-20 1.e-20],3162,3,3,8,2,5,3,1.560953097720474,[1.e-20 1.e-20 1.e-20 ... 1.e-20 1.e-20 1.e-20],0.4016335442439668,0.004496107550789691
11,blended_known,S_3,10,3,1,1.4191630471516679,5,[1.e-20 1.e-20 1.e-20 ... 1.e-20 1.e-20 1.e-20],3162,3,3,8,2,6,3,1.777254240586971,[1.e-20 1.e-20 1.e-20 ... 1.e-20 1.e-20 1.e-20],0.687888375637441,0.007739164935264718
12,blended_known,S_3,10,3,1,1.4191630471516679,5,[1.e-20 1.e-20 1.e-20 ... 1.e-20 1.e-20 1.e-20],3162,3,3,8,2,7,3,3.5637347528525587,"[9.93890868e-21 9.93890868e-21 9.93890868e-21 ... 9.93890868e-21
 9.93890868e-21 9.93890868e-21]",1.6284248329478082,0.0015437957487220149
13,blended_known,S_3,10,3,1,1.4191630471516679,5,[1.e-20 1.e-20 1.e-20 ... 1.e-20 1.e-20 1.e-20],3162,3,3,8,2,8,3,4.274810667866771,"[6.98843384e-21 6.98843384e-21 6.98843384e-21 ... 6.98843384e-21
 6.98843384e-21 6.98843384e-21]",4.716318089498546,0.011358610060117333
14,blended_known,S_3,10,3,1,1.4191630471516679,5,[1.e-20 1.e-20 1.e-20 ... 1.e-20 1.e-20 1.e-20],10000,3,3,8,3,2,3,1.6757530683663864,[1.e-20 1.e-20 1.e-20 ... 1.e-20 1.e-20 1.e-20],0.7217816929032601,0.009119216490076491
15,blended_known,S_3,10,3,1,1.4191630471516679,5,[1.e-20 1.e-20 1.e-20 ... 1.e-20 1.e-20 1.e-20],10000,3,3,8,3,3,3,4.3811513141087675,"[1.15352539e-21 1.15352539e-21 1.15352539e-21 ... 1.15352539e-21
 1.15352539e-21 1.15352539e-21]",21.829559494755685,0.023899882569638865
16,blended_known,S_3,10,3,1,1.4191630471516679,5,[1.e-20 1.e-20 1.e-20 ... 1.e-20 1.e-20 1.e-20],10000,3,3,8,3,4,3,2.033537102730413,"[9.7100814e-21 9.7100814e-21 9.7100814e-21 ... 9.7100814e-21 9.7100814e-21
 9.7100814e-21]",4.447992328372198,0.002744929005605987
17,blended_known,S_3,10,3,1,1.4191630471516679,5,[1.e-20 1.e-20 1.e-20 ... 1.e-20 1.e-20 1.e-20],10000,3,3,8,3,5,3,1.4827407108476045,[1.e-20 1.e-20 1.e-20 ... 1.e-20 1.e-20 1.e-20],0.19296382382980976,0.0018949440935103134
18,blended_known,S_3,10,3,1,1.4191630471516679,5,[1.e-20 1.e-20 1.e-20 ... 1.e-20 1.e-20 1.e-20],10000,3,3,8,3,6,3,5.291913948308835,"[1.61701131e-21 1.61701131e-21 1.61701131e-21 ... 1.61701131e-21
 1.61701131e-21 1.61701131e-21]",17.091289646014435,0.016696778539968034
19,blended_known,S_3,10,3,1,1.4191630471516679,5,[1.e-20 1.e-20 1.e-20 ... 1.e-20 1.e-20 1.e-20],10000,3,3,8,3,7,3,4.7955825780871795,"[1.14876342e-21 1.14876342e-21 1.14876342e-21 ... 1.14876342e-21
 1.14876342e-21 1.14876342e-21]",21.018011466295867,0.017495560397999894
20,blended_known,S_3,10,3,1,1.4191630471516679,5,[1.e-20 1.e-20 1.e-20 ... 1.e-20 1.e-20 1.e-20],10000,3,3,8,3,8,3,4.421440601365792,"[7.96318113e-23 7.96318113e-23 7.96318113e-23 ... 7.96318113e-23
 7.96318113e-23 7.96318113e-23]",22.8501236533805,0.041860028112167644
21,blended_known,S_3,10,3,1,1.4191630471516679,5,[1.e-20 1.e-20 1.e-20 ... 1.e-20 1.e-20 1.e-20],31622,3,3,8,3,2,3,1.8583661897678032,"[9.91575581e-21 9.91575581e-21 9.91575581e-21 ... 9.91575581e-21
 9.91575581e-21 9.91575581e-21]",1.9001657841020854,0.002471659562051192
22,blended_known,S_3,10,3,1,1.4191630471516679,5,[1.e-20 1.e-20 1.e-20 ... 1.e-20 1.e-20 1.e-20],31622,3,3,8,3,3,3,1.5887431360806272,[1.e-20 1.e-20 1.e-20 ... 1.e-20 1.e-20 1.e-20],0.18319525469712192,0.0017225960761725555
23,blended_known,S_3,10,3,1,1.4191630471516679,5,[1.e-20 1.e-20 1.e-20 ... 1.e-20 1.e-20 1.e-20],31622,3,3,8,3,4,3,1.4806091371007384,[1.e-20 1.e-20 1.e-20 ... 1.e-20 1.e-20 1.e-20],0.16263873227440032,0.002358668406472036
24,blended_known,S_3,10,3,1,1.4191630471516679,5,[1.e-20 1.e-20 1.e-20 ... 1.e-20 1.e-20 1.e-20],31622,3,3,8,3,5,3,3.4989128267205802,"[8.63411686e-21 8.63411686e-21 8.63411686e-21 ... 8.63411686e-21
 8.63411686e-21 8.63411686e-21]",2.743936458092702,0.00484885408492778
25,blended_known,S_3,10,3,1,1.4191630471516679,5,[1.e-20 1.e-20 1.e-20 ... 1.e-20 1.e-20 1.e-20],31622,3,3,8,3,6,3,4.205255691141631,"[4.63440961e-21 4.63440961e-21 4.63440961e-21 ... 4.63440961e-21
 4.63440961e-21 4.63440961e-21]",8.559513049417902,0.01406970674699053
26,blended_known,S_3,10,3,1,1.4191630471516679,5,[1.e-20 1.e-20 1.e-20 ... 1.e-20 1.e-20 1.e-20],31622,3,3,8,3,7,3,4.304431003013411,"[8.09531075e-21 8.09531075e-21 8.09531075e-21 ... 8.09531075e-21
 8.09531075e-21 8.09531075e-21]",4.624210673934548,0.005862457595742708
27,blended_known,S_3,10,3,1,1.4191630471516679,5,[1.e-20 1.e-20 1.e-20 ... 1.e-20 1.e-20 1.e-20],31622,3,3,8,3,8,3,4.244061441856222,"[6.3024484e-22 6.3024484e-22 6.3024484e-22 ... 6.3024484e-22 6.3024484e-22
 6.3024484e-22]",18.984902054012192,0.03112623222771939
28,blended_known,S_3,10,3,1,1.4191630471516679,5,[1.e-20 1.e-20 1.e-20 ... 1.e-20 1.e-20 1.e-20],100000,3,3,8,3,2,3,4.695700537120399,"[5.24181789e-21 5.24181789e-21 5.24181789e-21 ... 5.24181789e-21
 5.24181789e-21 5.24181789e-21]",16.068190297519564,0.04694845817892298
29,blended_known,S_3,10,3,1,1.4191630471516679,5,[1.e-20 1.e-20 1.e-20 ... 1.e-20 1.e-20 1.e-20],100000,3,3,8,3,3,3,3.5113095615753065,"[3.75345272e-21 3.75345272e-21 3.75345272e-21 ... 3.75345272e-21
 3.75345272e-21 3.75345272e-21]",14.544956595882017,0.02085387964170931
30,blended_known,S_3,10,3,1,1.4191630471516679,5,[1.e-20 1.e-20 1.e-20 ... 1.e-20 1.e-20 1.e-20],100000,3,3,8,3,4,3,2.01149879412445,"[9.98922226e-21 9.98922226e-21 9.98922226e-21 ... 9.98922226e-21
 9.98922226e-21 9.98922226e-21]",1.7504738128269595,0.013551134706625709
31,blended_known,S_3,10,3,1,1.4191630471516679,5,[1.e-20 1.e-20 1.e-20 ... 1.e-20 1.e-20 1.e-20],100000,3,3,8,3,5,3,4.048951869182197,"[9.04689115e-21 9.04689115e-21 9.04689115e-21 ... 9.04689115e-21
 9.04689115e-21 9.04689115e-21]",2.1327816527611843,0.008286345212386076
32,blended_known,S_3,10,3,1,1.4191630471516679,5,[1.e-20 1.e-20 1.e-20 ... 1.e-20 1.e-20 1.e-20],100000,3,3,8,3,6,3,6.3895122778992945,"[3.24271556e-23 3.24271556e-23 3.24271556e-23 ... 3.24271556e-23
 3.24271556e-23 3.24271556e-23]",24.880939059081253,0.05334770395604289
33,blended_known,S_3,10,3,1,1.4191630471516679,5,[1.e-20 1.e-20 1.e-20 ... 1.e-20 1.e-20 1.e-20],100000,3,3,8,3,7,3,3.5754878309256015,"[9.91609013e-21 9.91609013e-21 9.91609013e-21 ... 9.91609013e-21
 9.91609013e-21 9.91609013e-21]",1.2387145246500448,0.007519432842945778
34,blended_known,S_3,10,3,1,1.4191630471516679,5,[1.e-20 1.e-20 1.e-20 ... 1.e-20 1.e-20 1.e-20],100000,3,3,8,3,8,3,6.914254446359582,"[8.02772853e-25 8.02772853e-25 8.02772853e-25 ... 8.02772853e-25
 8.02772853e-25 8.02772853e-25]",24.12188591012803,0.06678608173358175
35,blended_known,S_3,10,3,1,1.4191630471516679,5,[1.e-20 1.e-20 1.e-20 ... 1.e-20 1.e-20 1.e-20],316227,3,3,8,4,2,3,6.389602493627594,"[1.08862225e-23 1.08862225e-23 1.08862225e-23 ... 1.08862225e-23
 1.08862225e-23 1.08862225e-23]",25.417995161525194,0.04897550286290923
36,blended_known,S_3,10,3,1,1.4191630471516679,5,[1.e-20 1.e-20 1.e-20 ... 1.e-20 1.e-20 1.e-20],316227,3,3,8,4,3,3,1.4610398746385183,[1.e-20 1.e-20 1.e-20 ... 1.e-20 1.e-20 1.e-20],0.07149997636885701,0.0004109802481123525
37,blended_known,S_3,10,3,1,1.4191630471516679,5,[1.e-20 1.e-20 1.e-20 ... 1.e-20 1.e-20 1.e-20],316227,3,3,8,4,4,3,1.434299159582681,[1.e-20 1.e-20 1.e-20 ... 1.e-20 1.e-20 1.e-20],0.03562247592512021,0.0001601001429682569
38,blended_known,S_3,10,3,1,1.4191630471516679,5,[1.e-20 1.e-20 1.e-20 ... 1.e-20 1.e-20 1.e-20],316227,3,3,8,4,5,3,2.5730140670558566,"[9.97105708e-21 9.97105708e-21 9.97105708e-21 ... 9.97105708e-21
 9.97105708e-21 9.97105708e-21]",0.3406916686273703,0.0008864861903642306
39,blended_known,S_3,10,3,1,1.4191630471516679,5,[1.e-20 1.e-20 1.e-20 ... 1.e-20 1.e-20 1.e-20],316227,3,3,8,4,6,3,2.7763152741571493,"[9.95399722e-21 9.95399722e-21 9.95399722e-21 ... 9.95399722e-21
 9.95399722e-21 9.95399722e-21]",0.3577986409419879,0.001239885676153989
40,blended_known,S_3,10,3,1,1.4191630471516679,5,[1.e-20 1.e-20 1.e-20 ... 1.e-20 1.e-20 1.e-20],316227,3,3,8,4,7,3,2.7158193412022182,"[9.95480503e-21 9.95480503e-21 9.95480503e-21 ... 9.95480503e-21
 9.95480503e-21 9.95480503e-21]",0.3564193080012913,0.0012812866459636506
41,blended_known,S_3,10,3,1,1.4191630471516679,5,[1.e-20 1.e-20 1.e-20 ... 1.e-20 1.e-20 1.e-20],316227,3,3,8,4,8,3,1.4792739837488378,[1.e-20 1.e-20 1.e-20 ... 1.e-20 1.e-20 1.e-20],0.11348262959197428,0.000652197879042652
42,blended_known,S_3,10,3,1,1.4191630471516679,5,[1.e-20 1.e-20 1.e-20 ... 1.e-20 1.e-20 1.e-20],1000000,3,3,8,5,2,3,4.176805358578222,"[4.90029133e-27 4.90029133e-27 4.90029133e-27 ... 4.90029133e-27
 4.90029133e-27 4.90029133e-27]",27.14130336074501,0.018691500973138
43,blended_known,S_3,10,3,1,1.4191630471516679,5,[1.e-20 1.e-20 1.e-20 ... 1.e-20 1.e-20 1.e-20],1000000,3,3,8,5,3,3,2.4265844850464378,"[8.99062518e-21 8.99062518e-21 8.99062518e-21 ... 8.99062518e-21
 8.99062518e-21 8.99062518e-21]",6.252960797133821,0.007270319160007622
44,blended_known,S_3,10,3,1,1.4191630471516679,5,[1.e-20 1.e-20 1.e-20 ... 1.e-20 1.e-20 1.e-20],1000000,3,3,8,5,4,3,1.4718381111637617,"[9.98978175e-21 9.98978175e-21 9.98978175e-21 ... 9.98978175e-21
 9.98978175e-21 9.98978175e-21]",0.05457169571052229,0.00011985223670861802
45,blended_known,S_3,10,3,1,1.4191630471516679,5,[1.e-20 1.e-20 1.e-20 ... 1.e-20 1.e-20 1.e-20],1000000,3,3,8,5,5,3,1.4394356817605474,[1.e-20 1.e-20 1.e-20 ... 1.e-20 1.e-20 1.e-20],0.04856683545839447,0.0006188039783467705
46,blended_known,S_3,10,3,1,1.4191630471516679,5,[1.e-20 1.e-20 1.e-20 ... 1.e-20 1.e-20 1.e-20],1000000,3,3,8,5,6,3,1.4429363405034172,[1.e-20 1.e-20 1.e-20 ... 1.e-20 1.e-20 1.e-20],0.041279636043228395,0.0005165292774743911
47,blended_known,S_3,10,3,1,1.4191630471516679,5,[1.e-20 1.e-20 1.e-20 ... 1.e-20 1.e-20 1.e-20],1000000,3,3,8,5,7,3,4.235791844608406,"[9.1280313e-21 9.1280313e-21 9.1280313e-21 ... 9.1280313e-21 9.1280313e-21
 9.1280313e-21]",2.574705590677565,0.0035846287518787904
48,blended_known,S_3,10,3,1,1.4191630471516679,5,[1.e-20 1.e-20 1.e-20 ... 1.e-20 1.e-20 1.e-20],1000000,3,3,8,5,8,3,4.559139071133511,"[7.7068817e-21 7.7068817e-21 7.7068817e-21 ... 7.7068817e-21 7.7068817e-21
 7.7068817e-21]",4.111686789875348,0.006308343046093758
49,blended_known,S_3,10,3,0,1.4122573239159595,5,[1.e-20 1.e-20 1.e-20 ... 1.e-20 1.e-20 1.e-20],1000,3,3,8,2,2,3,1.4625673403424577,[1.e-20 1.e-20 1.e-20 ... 1.e-20 1.e-20 1.e-20],0.12617101109984913,0.0016122084498260822
50,blended_known,S_3,10,3,0,1.4122573239159595,5,[1.e-20 1.e-20 1.e-20 ... 1.e-20 1.e-20 1.e-20],1000,3,3,8,2,3,3,1.4626283083174403,[1.e-20 1.e-20 1.e-20 ... 1.e-20 1.e-20 1.e-20],0.12424418962739409,0.001590100064496312
51,blended_known,S_3,10,3,0,1.4122573239159595,5,[1.e-20 1.e-20 1.e-20 ... 1.e-20 1.e-20 1.e-20],1000,3,3,8,2,4,3,1.4626310948860122,[1.e-20 1.e-20 1.e-20 ... 1.e-20 1.e-20 1.e-20],0.12428161016411171,0.0015935623080270507
52,blended_known,S_3,10,3,0,1.4122573239159595,5,[1.e-20 1.e-20 1.e-20 ... 1.e-20 1.e-20 1.e-20],1000,3,3,8,2,5,3,3.698870265667159,"[8.47460267e-22 8.47460267e-22 8.47460267e-22 ... 8.47460267e-22
 8.47460267e-22 8.47460267e-22]",21.376462969724564,0.011047934786179938
53,blended_known,S_3,10,3,0,1.4122573239159595,5,[1.e-20 1.e-20 1.e-20 ... 1.e-20 1.e-20 1.e-20],1000,3,3,8,2,6,3,4.4560375818869735,"[1.14231981e-27 1.14231981e-27 1.14231981e-27 ... 1.14231981e-27
 1.14231981e-27 1.14231981e-27]",28.54702498592495,0.009740312950083221
54,blended_known,S_3,10,3,0,1.4122573239159595,5,[1.e-20 1.e-20 1.e-20 ... 1.e-20 1.e-20 1.e-20],1000,3,3,8,2,7,3,4.776287968965223,"[1.18440528e-26 1.18440528e-26 1.18440528e-26 ... 1.18440528e-26
 1.18440528e-26 1.18440528e-26]",28.86342654627712,0.018500441273505155
55,blended_known,S_3,10,3,0,1.4122573239159595,5,[1.e-20 1.e-20 1.e-20 ... 1.e-20 1.e-20 1.e-20],1000,3,3,8,2,8,3,4.217852975297461,"[6.95070501e-22 6.95070501e-22 6.95070501e-22 ... 6.95070501e-22
 6.95070501e-22 6.95070501e-22]",21.446767881593935,0.018567589951415997
56,blended_known,S_3,10,3,0,1.4122573239159595,5,[1.e-20 1.e-20 1.e-20 ... 1.e-20 1.e-20 1.e-20],3162,3,3,8,2,2,3,3.4324523551151715,"[4.32207516e-21 4.32207516e-21 4.32207516e-21 ... 4.32207516e-21
 4.32207516e-21 4.32207516e-21]",14.694486929734394,0.011766979937041374
57,blended_known,S_3,10,3,0,1.4122573239159595,5,[1.e-20 1.e-20 1.e-20 ... 1.e-20 1.e-20 1.e-20],3162,3,3,8,2,3,3,3.985270502066884,"[9.3907266e-21 9.3907266e-21 9.3907266e-21 ... 9.3907266e-21 9.3907266e-21
 9.3907266e-21]",2.153975644388313,0.0033110186233169833
58,blended_known,S_3,10,3,0,1.4122573239159595,5,[1.e-20 1.e-20 1.e-20 ... 1.e-20 1.e-20 1.e-20],3162,3,3,8,2,4,3,4.219169971481313,"[7.76564503e-21 7.76564503e-21 7.76564503e-21 ... 7.76564503e-21
 7.76564503e-21 7.76564503e-21]",4.702194871699666,0.006708893828386011
59,blended_known,S_3,10,3,0,1.4122573239159595,5,[1.e-20 1.e-20 1.e-20 ... 1.e-20 1.e-20 1.e-20],3162,3,3,8,2,5,3,1.490301827996485,"[9.94471756e-21 9.94471756e-21 9.94471756e-21 ... 9.94471756e-21
 9.94471756e-21 9.94471756e-21]",0.2284206851512136,0.0021247859121428228
60,blended_known,S_3,10,3,0,1.4122573239159595,5,[1.e-20 1.e-20 1.e-20 ... 1.e-20 1.e-20 1.e-20],3162,3,3,8,2,6,3,2.7783301315518214,"[9.75456919e-21 9.75456919e-21 9.75456919e-21 ... 9.75456919e-21
 9.75456919e-21 9.75456919e-21]",0.31438502445696714,0.0018339060790478017
61,blended_known,S_3,10,3,0,1.4122573239159595,5,[1.e-20 1.e-20 1.e-20 ... 1.e-20 1.e-20 1.e-20],3162,3,3,8,2,7,3,5.206903103475773,"[2.76150477e-21 2.76150477e-21 2.76150477e-21 ... 2.76150477e-21
 2.76150477e-21 2.76150477e-21]",16.47233779760935,0.011860075185095718
62,blended_known,S_3,10,3,0,1.4122573239159595,5,[1.e-20 1.e-20 1.e-20 ... 1.e-20 1.e-20 1.e-20],3162,3,3,8,2,8,3,2.4775626380150624,"[9.70624587e-21 9.70624587e-21 9.70624587e-21 ... 9.70624587e-21
 9.70624587e-21 9.70624587e-21]",2.743109353878151,0.004001958884995288
63,blended_known,S_3,10,3,0,1.4122573239159595,5,[1.e-20 1.e-20 1.e-20 ... 1.e-20 1.e-20 1.e-20],10000,3,3,8,3,2,3,1.5040154741950376,[1.e-20 1.e-20 1.e-20 ... 1.e-20 1.e-20 1.e-20],0.24158826277923717,0.0029975907982773596
64,blended_known,S_3,10,3,0,1.4122573239159595,5,[1.e-20 1.e-20 1.e-20 ... 1.e-20 1.e-20 1.e-20],10000,3,3,8,3,3,3,4.388399738642333,"[7.54137606e-21 7.54137606e-21 7.54137606e-21 ... 7.54137606e-21
 7.54137606e-21 7.54137606e-21]",12.306862748369738,0.00836568450288074
65,blended_known,S_3,10,3,0,1.4122573239159595,5,[1.e-20 1.e-20 1.e-20 ... 1.e-20 1.e-20 1.e-20],10000,3,3,8,3,4,3,2.3240169522737184,"[9.82159716e-21 9.82159716e-21 9.82159716e-21 ... 9.82159716e-21
 9.82159716e-21 9.82159716e-21]",1.310726541593653,0.00293328726889648
66,blended_known,S_3,10,3,0,1.4122573239159595,5,[1.e-20 1.e-20 1.e-20 ... 1.e-20 1.e-20 1.e-20],10000,3,3,8,3,5,3,4.293280094860334,"[5.61263986e-21 5.61263986e-21 5.61263986e-21 ... 5.61263986e-21
 5.61263986e-21 5.61263986e-21]",8.5787708515267,0.012791697359960195
67,blended_known,S_3,10,3,0,1.4122573239159595,5,[1.e-20 1.e-20 1.e-20 ... 1.e-20 1.e-20 1.e-20],10000,3,3,8,3,6,3,4.623586221694664,"[8.39732066e-21 8.39732066e-21 8.39732066e-21 ... 8.39732066e-21
 8.39732066e-21 8.39732066e-21]",3.1566795647962116,0.005220774317302243
68,blended_known,S_3,10,3,0,1.4122573239159595,5,[1.e-20 1.e-20 1.e-20 ... 1.e-20 1.e-20 1.e-20],10000,3,3,8,3,7,3,5.159963924887983,"[2.22105046e-24 2.22105046e-24 2.22105046e-24 ... 2.22105046e-24
 2.22105046e-24 2.22105046e-24]",24.015951005717305,0.010327708122903071
69,blended_known,S_3,10,3,0,1.4122573239159595,5,[1.e-20 1.e-20 1.e-20 ... 1.e-20 1.e-20 1.e-20],10000,3,3,8,3,8,3,6.3968001715522105,"[3.31438869e-27 3.31438869e-27 3.31438869e-27 ... 3.31438869e-27
 3.31438869e-27 3.31438869e-27]",27.59543680392057,0.030850348149795485
70,blended_known,S_3,10,3,0,1.4122573239159595,5,[1.e-20 1.e-20 1.e-20 ... 1.e-20 1.e-20 1.e-20],31622,3,3,8,3,2,3,1.4682003489114661,[1.e-20 1.e-20 1.e-20 ... 1.e-20 1.e-20 1.e-20],0.14807940719556023,0.0015579626788679991
71,blended_known,S_3,10,3,0,1.4122573239159595,5,[1.e-20 1.e-20 1.e-20 ... 1.e-20 1.e-20 1.e-20],31622,3,3,8,3,3,3,1.470384739024397,[1.e-20 1.e-20 1.e-20 ... 1.e-20 1.e-20 1.e-20],0.15353937165974368,0.001675992563063431
72,blended_known,S_3,10,3,0,1.4122573239159595,5,[1.e-20 1.e-20 1.e-20 ... 1.e-20 1.e-20 1.e-20],31622,3,3,8,3,4,3,1.4901808071075655,[1.e-20 1.e-20 1.e-20 ... 1.e-20 1.e-20 1.e-20],0.20900269977935224,0.002451079171307197
73,blended_known,S_3,10,3,0,1.4122573239159595,5,[1.e-20 1.e-20 1.e-20 ... 1.e-20 1.e-20 1.e-20],31622,3,3,8,3,5,3,4.2460279257299876,"[2.37253617e-22 2.37253617e-22 2.37253617e-22 ... 2.37253617e-22
 2.37253617e-22 2.37253617e-22]",16.528053871062944,0.056931658844221834
74,blended_known,S_3,10,3,0,1.4122573239159595,5,[1.e-20 1.e-20 1.e-20 ... 1.e-20 1.e-20 1.e-20],31622,3,3,8,3,6,3,3.6865381316549772,"[7.28240345e-21 7.28240345e-21 7.28240345e-21 ... 7.28240345e-21
 7.28240345e-21 7.28240345e-21]",5.615588548016481,0.005816694336736504
75,blended_known,S_3,10,3,0,1.4122573239159595,5,[1.e-20 1.e-20 1.e-20 ... 1.e-20 1.e-20 1.e-20],31622,3,3,8,3,7,3,4.526446447983235,"[4.94940573e-21 4.94940573e-21 4.94940573e-21 ... 4.94940573e-21
 4.94940573e-21 4.94940573e-21]",5.132827057563614,0.009932459869873836
76,blended_known,S_3,10,3,0,1.4122573239159595,5,[1.e-20 1.e-20 1.e-20 ... 1.e-20 1.e-20 1.e-20],31622,3,3,8,3,8,3,4.103305565060408,"[9.42686007e-22 9.42686007e-22 9.42686007e-22 ... 9.42686007e-22
 9.42686007e-22 9.42686007e-22]",21.077877158719044,0.010710605462423733
77,blended_known,S_3,10,3,0,1.4122573239159595,5,[1.e-20 1.e-20 1.e-20 ... 1.e-20 1.e-20 1.e-20],100000,3,3,8,3,2,3,1.4732553663570571,[1.e-20 1.e-20 1.e-20 ... 1.e-20 1.e-20 1.e-20],0.16227076335749857,0.001790359540316368
78,blended_known,S_3,10,3,0,1.4122573239159595,5,[1.e-20 1.e-20 1.e-20 ... 1.e-20 1.e-20 1.e-20],100000,3,3,8,3,3,3,1.473173783400813,[1.e-20 1.e-20 1.e-20 ... 1.e-20 1.e-20 1.e-20],0.16174192313208582,0.0017920340692794165
79,blended_known,S_3,10,3,0,1.4122573239159595,5,[1.e-20 1.e-20 1.e-20 ... 1.e-20 1.e-20 1.e-20],100000,3,3,8,3,4,3,1.4372630246779474,[1.e-20 1.e-20 1.e-20 ... 1.e-20 1.e-20 1.e-20],0.05851091639061403,0.0003665718153361677
80,blended_known,S_3,10,3,0,1.4122573239159595,5,[1.e-20 1.e-20 1.e-20 ... 1.e-20 1.e-20 1.e-20],100000,3,3,8,3,5,3,4.738203245205774,"[2.69491429e-25 2.69491429e-25 2.69491429e-25 ... 2.69491429e-25
 2.69491429e-25 2.69491429e-25]",25.879792248307858,0.05702662685435336
81,blended_known,S_3,10,3,0,1.4122573239159595,5,[1.e-20 1.e-20 1.e-20 ... 1.e-20 1.e-20 1.e-20],100000,3,3,8,3,6,3,5.196821238553271,"[2.36913004e-23 2.36913004e-23 2.36913004e-23 ... 2.36913004e-23
 2.36913004e-23 2.36913004e-23]",23.420018428495972,0.04592781864909813
82,blended_known,S_3,10,3,0,1.4122573239159595,5,[1.e-20 1.e-20 1.e-20 ... 1.e-20 1.e-20 1.e-20],100000,3,3,8,3,7,3,4.945638976108783,"[3.86471944e-23 3.86471944e-23 3.86471944e-23 ... 3.86471944e-23
 3.86471944e-23 3.86471944e-23]",23.557947111028156,0.044034304425603674
83,blended_known,S_3,10,3,0,1.4122573239159595,5,[1.e-20 1.e-20 1.e-20 ... 1.e-20 1.e-20 1.e-20],100000,3,3,8,3,8,3,5.643611267719584,"[8.49137675e-23 8.49137675e-23 8.49137675e-23 ... 8.49137675e-23
 8.49137675e-23 8.49137675e-23]",23.718401714043488,0.037763049682443615
84,blended_known,S_3,10,3,0,1.4122573239159595,5,[1.e-20 1.e-20 1.e-20 ... 1.e-20 1.e-20 1.e-20],316227,3,3,8,4,2,3,1.4637691031890512,[1.e-20 1.e-20 1.e-20 ... 1.e-20 1.e-20 1.e-20],0.1405142807585963,0.001113100585447942
85,blended_known,S_3,10,3,0,1.4122573239159595,5,[1.e-20 1.e-20 1.e-20 ... 1.e-20 1.e-20 1.e-20],316227,3,3,8,4,3,3,1.4334450909670038,[1.e-20 1.e-20 1.e-20 ... 1.e-20 1.e-20 1.e-20],0.03638709704415447,0.00020836738099972493
86,blended_known,S_3,10,3,0,1.4122573239159595,5,[1.e-20 1.e-20 1.e-20 ... 1.e-20 1.e-20 1.e-20],316227,3,3,8,4,4,3,1.4399465407097238,"[9.99957885e-21 9.99957885e-21 9.99957885e-21 ... 9.99957885e-21
 9.99957885e-21 9.99957885e-21]",0.05296316979947534,0.00019405257291670928
87,blended_known,S_3,10,3,0,1.4122573239159595,5,[1.e-20 1.e-20 1.e-20 ... 1.e-20 1.e-20 1.e-20],316227,3,3,8,4,5,3,4.9358209271972715,"[8.30938425e-21 8.30938425e-21 8.30938425e-21 ... 8.30938425e-21
 8.30938425e-21 8.30938425e-21]",2.514922923552361,0.0031300033130035048
88,blended_known,S_3,10,3,0,1.4122573239159595,5,[1.e-20 1.e-20 1.e-20 ... 1.e-20 1.e-20 1.e-20],316227,3,3,8,4,6,3,1.736542340678595,"[9.90289926e-21 9.90289926e-21 9.90289926e-21 ... 9.90289926e-21
 9.90289926e-21 9.90289926e-21]",0.3416233858375084,0.0010062147784688634
89,blended_known,S_3,10,3,0,1.4122573239159595,5,[1.e-20 1.e-20 1.e-20 ... 1.e-20 1.e-20 1.e-20],316227,3,3,8,4,7,3,2.9468453222275643,"[9.9483571e-21 9.9483571e-21 9.9483571e-21 ... 9.9483571e-21 9.9483571e-21
 9.9483571e-21]",0.20245011627101261,0.001116258882273314
90,blended_known,S_3,10,3,0,1.4122573239159595,5,[1.e-20 1.e-20 1.e-20 ... 1.e-20 1.e-20 1.e-20],316227,3,3,8,4,8,3,3.2259901421872126,"[9.5182211e-21 9.5182211e-21 9.5182211e-21 ... 9.5182211e-21 9.5182211e-21
 9.5182211e-21]",1.3171746775619262,0.0015176899137124234
91,blended_known,S_3,10,3,0,1.4122573239159595,5,[1.e-20 1.e-20 1.e-20 ... 1.e-20 1.e-20 1.e-20],1000000,3,3,8,5,2,3,1.6127975164998256,[1.e-20 1.e-20 1.e-20 ... 1.e-20 1.e-20 1.e-20],0.5592306605094453,0.0068389819411472765
92,blended_known,S_3,10,3,0,1.4122573239159595,5,[1.e-20 1.e-20 1.e-20 ... 1.e-20 1.e-20 1.e-20],1000000,3,3,8,5,3,3,2.5902696704877033,"[7.90053678e-21 7.90053678e-21 7.90053678e-21 ... 7.90053678e-21
 7.90053678e-21 7.90053678e-21]",8.402196659987217,0.012401079042575215
93,blended_known,S_3,10,3,0,1.4122573239159595,5,[1.e-20 1.e-20 1.e-20 ... 1.e-20 1.e-20 1.e-20],1000000,3,3,8,5,4,3,4.187117688826911,"[1.85106764e-22 1.85106764e-22 1.85106764e-22 ... 1.85106764e-22
 1.85106764e-22 1.85106764e-22]",21.862990989806665,0.03022056753576994
94,blended_known,S_3,10,3,0,1.4122573239159595,5,[1.e-20 1.e-20 1.e-20 ... 1.e-20 1.e-20 1.e-20],1000000,3,3,8,5,5,3,1.476914182997153,"[9.95366136e-21 9.95366136e-21 9.95366136e-21 ... 9.95366136e-21
 9.95366136e-21 9.95366136e-21]",0.2212837819337434,0.0001308648305075571
95,blended_known,S_3,10,3,0,1.4122573239159595,5,[1.e-20 1.e-20 1.e-20 ... 1.e-20 1.e-20 1.e-20],1000000,3,3,8,5,6,3,5.595491937394457,"[3.58003488e-22 3.58003488e-22 3.58003488e-22 ... 3.58003488e-22
 3.58003488e-22 3.58003488e-22]",21.9613292774209,0.016691000066684194
96,blended_known,S_3,10,3,0,1.4122573239159595,5,[1.e-20 1.e-20 1.e-20 ... 1.e-20 1.e-20 1.e-20],1000000,3,3,8,5,7,3,5.684955196640527,"[2.04575631e-22 2.04575631e-22 2.04575631e-22 ... 2.04575631e-22
 2.04575631e-22 2.04575631e-22]",22.25783350271357,0.0168687468847416
97,blended_known,S_3,10,3,0,1.4122573239159595,5,[1.e-20 1.e-20 1.e-20 ... 1.e-20 1.e-20 1.e-20],1000000,3,3,8,5,8,3,5.972131453983355,"[5.77460912e-24 5.77460912e-24 5.77460912e-24 ... 5.77460912e-24
 5.77460912e-24 5.77460912e-24]",24.295911370229234,0.0330855895308443
98,blended_known,S_3,10,3,2,1.4167334702096253,5,[1.e-20 1.e-20 1.e-20 ... 1.e-20 1.e-20 1.e-20],1000,3,3,8,2,2,3,1.4846355596449077,[1.e-20 1.e-20 1.e-20 ... 1.e-20 1.e-20 1.e-20],0.190181728635269,0.001341987003946679
99,blended_known,S_3,10,3,2,1.4167334702096253,5,[1.e-20 1.e-20 1.e-20 ... 1.e-20 1.e-20 1.e-20],1000,3,3,8,2,3,3,1.4847058834662454,[1.e-20 1.e-20 1.e-20 ... 1.e-20 1.e-20 1.e-20],0.1916239546948482,0.0013588400166487976
100,blended_known,S_3,10,3,2,1.4167334702096253,5,[1.e-20 1.e-20 1.e-20 ... 1.e-20 1.e-20 1.e-20],1000,3,3,8,2,4,3,2.6710064054592224,"[8.03238385e-21 8.03238385e-21 8.03238385e-21 ... 8.03238385e-21
 8.03238385e-21 8.03238385e-21]",11.199825043629875,0.008292760353155083
101,blended_known,S_3,10,3,2,1.4167334702096253,5,[1.e-20 1.e-20 1.e-20 ... 1.e-20 1.e-20 1.e-20],1000,3,3,8,2,5,3,3.341528740618769,"[5.28433736e-21 5.28433736e-21 5.28433736e-21 ... 5.28433736e-21
 5.28433736e-21 5.28433736e-21]",17.13704460762619,0.015361707858820153
102,blended_known,S_3,10,3,2,1.4167334702096253,5,[1.e-20 1.e-20 1.e-20 ... 1.e-20 1.e-20 1.e-20],1000,3,3,8,2,6,3,4.060638256241226,"[3.23076068e-21 3.23076068e-21 3.23076068e-21 ... 3.23076068e-21
 3.23076068e-21 3.23076068e-21]",17.85420040857299,0.01656756048168218
103,blended_known,S_3,10,3,2,1.4167334702096253,5,[1.e-20 1.e-20 1.e-20 ... 1.e-20 1.e-20 1.e-20],1000,3,3,8,2,7,3,4.569165551888867,"[3.2915829e-22 3.2915829e-22 3.2915829e-22 ... 3.2915829e-22 3.2915829e-22
 3.2915829e-22]",22.41098587316039,0.02756318399946655
104,blended_known,S_3,10,3,2,1.4167334702096253,5,[1.e-20 1.e-20 1.e-20 ... 1.e-20 1.e-20 1.e-20],1000,3,3,8,2,8,3,5.670334645629872,"[1.13615103e-21 1.13615103e-21 1.13615103e-21 ... 1.13615103e-21
 1.13615103e-21 1.13615103e-21]",18.602846045110063,0.03578796369174647
105,blended_known,S_3,10,3,2,1.4167334702096253,5,[1.e-20 1.e-20 1.e-20 ... 1.e-20 1.e-20 1.e-20],3162,3,3,8,2,2,3,5.660972285769434,"[3.41244467e-23 3.41244467e-23 3.41244467e-23 ... 3.41244467e-23
 3.41244467e-23 3.41244467e-23]",31.23497768950954,0.05417448073273849
106,blended_known,S_3,10,3,2,1.4167334702096253,5,[1.e-20 1.e-20 1.e-20 ... 1.e-20 1.e-20 1.e-20],3162,3,3,8,2,3,3,4.152365058810397,"[2.65251128e-24 2.65251128e-24 2.65251128e-24 ... 2.65251128e-24
 2.65251128e-24 2.65251128e-24]",22.79172370605449,0.026694725108887537
107,blended_known,S_3,10,3,2,1.4167334702096253,5,[1.e-20 1.e-20 1.e-20 ... 1.e-20 1.e-20 1.e-20],3162,3,3,8,2,4,3,4.152394078727189,"[2.64701209e-24 2.64701209e-24 2.64701209e-24 ... 2.64701209e-24
 2.64701209e-24 2.64701209e-24]",22.792753356300565,0.02669471472157236
108,blended_known,S_3,10,3,2,1.4167334702096253,5,[1.e-20 1.e-20 1.e-20 ... 1.e-20 1.e-20 1.e-20],3162,3,3,8,2,5,3,5.265247246937638,"[4.56328885e-21 4.56328885e-21 4.56328885e-21 ... 4.56328885e-21
 4.56328885e-21 4.56328885e-21]",18.908071072953284,0.034435976200484913
109,blended_known,S_3,10,3,2,1.4167334702096253,5,[1.e-20 1.e-20 1.e-20 ... 1.e-20 1.e-20 1.e-20],3162,3,3,8,2,6,3,5.549551616528947,"[1.06726798e-21 1.06726798e-21 1.06726798e-21 ... 1.06726798e-21
 1.06726798e-21 1.06726798e-21]",26.40061674575473,0.06742679637824468
110,blended_known,S_3,10,3,2,1.4167334702096253,5,[1.e-20 1.e-20 1.e-20 ... 1.e-20 1.e-20 1.e-20],3162,3,3,8,2,7,3,4.326898964480717,"[2.10974799e-24 2.10974799e-24 2.10974799e-24 ... 2.10974799e-24
 2.10974799e-24 2.10974799e-24]",25.407752198607405,0.035290719339699655
111,blended_known,S_3,10,3,2,1.4167334702096253,5,[1.e-20 1.e-20 1.e-20 ... 1.e-20 1.e-20 1.e-20],3162,3,3,8,2,8,3,2.8387769018628135,"[8.75691757e-21 8.75691757e-21 8.75691757e-21 ... 8.75691757e-21
 8.75691757e-21 8.75691757e-21]",0.8672886970021427,0.011042964134225577
112,blended_known,S_3,10,3,2,1.4167334702096253,5,[1.e-20 1.e-20 1.e-20 ... 1.e-20 1.e-20 1.e-20],10000,3,3,8,3,2,3,3.9712675565118114,"[1.15408672e-21 1.15408672e-21 1.15408672e-21 ... 1.15408672e-21
 1.15408672e-21 1.15408672e-21]",19.62103452208364,0.01863153674208563
113,blended_known,S_3,10,3,2,1.4167334702096253,5,[1.e-20 1.e-20 1.e-20 ... 1.e-20 1.e-20 1.e-20],10000,3,3,8,3,3,3,3.4947944697728235,"[8.33964705e-21 8.33964705e-21 8.33964705e-21 ... 8.33964705e-21
 8.33964705e-21 8.33964705e-21]",7.816769820718392,0.030215344211264143
114,blended_known,S_3,10,3,2,1.4167334702096253,5,[1.e-20 1.e-20 1.e-20 ... 1.e-20 1.e-20 1.e-20],10000,3,3,8,3,4,3,2.8002651565936523,"[1.52049014e-26 1.52049014e-26 1.52049014e-26 ... 1.52049014e-26
 1.52049014e-26 1.52049014e-26]",28.14371160018738,0.16697624129750813
115,blended_known,S_3,10,3,2,1.4167334702096253,5,[1.e-20 1.e-20 1.e-20 ... 1.e-20 1.e-20 1.e-20],10000,3,3,8,3,5,3,5.506103231118267,"[2.03914907e-24 2.03914907e-24 2.03914907e-24 ... 2.03914907e-24
 2.03914907e-24 2.03914907e-24]",24.27515353417687,0.09259950903058038
116,blended_known,S_3,10,3,2,1.4167334702096253,5,[1.e-20 1.e-20 1.e-20 ... 1.e-20 1.e-20 1.e-20],10000,3,3,8,3,6,3,4.504158117196222,"[1.23577536e-21 1.23577536e-21 1.23577536e-21 ... 1.23577536e-21
 1.23577536e-21 1.23577536e-21]",20.619980653476194,0.039174415977484396
117,blended_known,S_3,10,3,2,1.4167334702096253,5,[1.e-20 1.e-20 1.e-20 ... 1.e-20 1.e-20 1.e-20],10000,3,3,8,3,7,3,4.42651253320468,"[1.0269912e-23 1.0269912e-23 1.0269912e-23 ... 1.0269912e-23 1.0269912e-23
 1.0269912e-23]",24.18208580285383,0.08268821824236033
118,blended_known,S_3,10,3,2,1.4167334702096253,5,[1.e-20 1.e-20 1.e-20 ... 1.e-20 1.e-20 1.e-20],10000,3,3,8,3,8,3,3.927382884935448,"[4.02606998e-21 4.02606998e-21 4.02606998e-21 ... 4.02606998e-21
 4.02606998e-21 4.02606998e-21]",8.906044868219348,0.011826137074510606
119,blended_known,S_3,10,3,2,1.4167334702096253,5,[1.e-20 1.e-20 1.e-20 ... 1.e-20 1.e-20 1.e-20],31622,3,3,8,3,2,3,2.6658329040138375,"[8.63479756e-21 8.63479756e-21 8.63479756e-21 ... 8.63479756e-21
 8.63479756e-21 8.63479756e-21]",8.651549677119322,0.00761044375415816
120,blended_known,S_3,10,3,2,1.4167334702096253,5,[1.e-20 1.e-20 1.e-20 ... 1.e-20 1.e-20 1.e-20],31622,3,3,8,3,3,3,2.6757330997885447,"[8.62063404e-21 8.62063404e-21 8.62063404e-21 ... 8.62063404e-21
 8.62063404e-21 8.62063404e-21]",8.651922854485337,0.007622098616910683
121,blended_known,S_3,10,3,2,1.4167334702096253,5,[1.e-20 1.e-20 1.e-20 ... 1.e-20 1.e-20 1.e-20],31622,3,3,8,3,4,3,4.17662304725777,"[4.68663238e-28 4.68663238e-28 4.68663238e-28 ... 4.68663238e-28
 4.68663238e-28 4.68663238e-28]",28.166399506581584,0.01137270775616091
122,blended_known,S_3,10,3,2,1.4167334702096253,5,[1.e-20 1.e-20 1.e-20 ... 1.e-20 1.e-20 1.e-20],31622,3,3,8,3,5,3,4.834797072555504,"[8.99238363e-23 8.99238363e-23 8.99238363e-23 ... 8.99238363e-23
 8.99238363e-23 8.99238363e-23]",23.17566263134249,0.03083175386369813
123,blended_known,S_3,10,3,2,1.4167334702096253,5,[1.e-20 1.e-20 1.e-20 ... 1.e-20 1.e-20 1.e-20],31622,3,3,8,3,6,3,3.3812167376927236,"[9.23988152e-22 9.23988152e-22 9.23988152e-22 ... 9.23988152e-22
 9.23988152e-22 9.23988152e-22]",10.833037522216019,0.10608173830743833
124,blended_known,S_3,10,3,2,1.4167334702096253,5,[1.e-20 1.e-20 1.e-20 ... 1.e-20 1.e-20 1.e-20],31622,3,3,8,3,7,3,3.2311824591561416,"[1.24668894e-21 1.24668894e-21 1.24668894e-21 ... 1.24668894e-21
 1.24668894e-21 1.24668894e-21]",9.643278714690442,0.09903759538039501
125,blended_known,S_3,10,3,2,1.4167334702096253,5,[1.e-20 1.e-20 1.e-20 ... 1.e-20 1.e-20 1.e-20],31622,3,3,8,3,8,3,3.297944246697957,"[1.89424216e-21 1.89424216e-21 1.89424216e-21 ... 1.89424216e-21
 1.89424216e-21 1.89424216e-21]",8.844999160008909,0.07551092572547505
126,blended_known,S_3,10,3,2,1.4167334702096253,5,[1.e-20 1.e-20 1.e-20 ... 1.e-20 1.e-20 1.e-20],100000,3,3,8,4,2,3,4.1806375470926955,"[1.49022708e-32 1.49022708e-32 1.49022708e-32 ... 1.49022708e-32
 1.49022708e-32 1.49022708e-32]",33.37370190554066,0.0193404576337252
127,blended_known,S_3,10,3,2,1.4167334702096253,5,[1.e-20 1.e-20 1.e-20 ... 1.e-20 1.e-20 1.e-20],100000,3,3,8,4,3,3,4.181510296476887,"[3.22672758e-30 3.22672758e-30 3.22672758e-30 ... 3.22672758e-30
 3.22672758e-30 3.22672758e-30]",30.73552062231917,0.019290173807423462
128,blended_known,S_3,10,3,2,1.4167334702096253,5,[1.e-20 1.e-20 1.e-20 ... 1.e-20 1.e-20 1.e-20],100000,3,3,8,4,4,3,1.4646337846600879,[1.e-20 1.e-20 1.e-20 ... 1.e-20 1.e-20 1.e-20],0.05868112426699447,0.0006750679405209964
129,blended_known,S_3,10,3,2,1.4167334702096253,5,[1.e-20 1.e-20 1.e-20 ... 1.e-20 1.e-20 1.e-20],100000,3,3,8,4,5,3,3.5690842697426968,"[8.65646195e-21 8.65646195e-21 8.65646195e-21 ... 8.65646195e-21
 8.65646195e-21 8.65646195e-21]",5.46397245658668,0.003983303047569241
130,blended_known,S_3,10,3,2,1.4167334702096253,5,[1.e-20 1.e-20 1.e-20 ... 1.e-20 1.e-20 1.e-20],100000,3,3,8,4,6,3,3.5682479867078642,"[9.73949023e-21 9.73949023e-21 9.73949023e-21 ... 9.73949023e-21
 9.73949023e-21 9.73949023e-21]",2.010820155514512,0.0019475320002925551
131,blended_known,S_3,10,3,2,1.4167334702096253,5,[1.e-20 1.e-20 1.e-20 ... 1.e-20 1.e-20 1.e-20],100000,3,3,8,4,7,3,3.570666229921765,"[9.77693979e-21 9.77693979e-21 9.77693979e-21 ... 9.77693979e-21
 9.77693979e-21 9.77693979e-21]",1.8933951174332178,0.0018996507071427926
132,blended_known,S_3,10,3,2,1.4167334702096253,5,[1.e-20 1.e-20 1.e-20 ... 1.e-20 1.e-20 1.e-20],100000,3,3,8,4,8,3,8.011492187790898,"[3.15742909e-26 3.15742909e-26 3.15742909e-26 ... 3.15742909e-26
 3.15742909e-26 3.15742909e-26]",27.455079589946603,0.03768635977090619
133,blended_known,S_3,10,3,2,1.4167334702096253,5,[1.e-20 1.e-20 1.e-20 ... 1.e-20 1.e-20 1.e-20],316227,3,3,8,4,2,3,3.8976311280394063,"[7.8228952e-21 7.8228952e-21 7.8228952e-21 ... 7.8228952e-21 7.8228952e-21
 7.8228952e-21]",11.63808821283565,0.03349541740414054
134,blended_known,S_3,10,3,2,1.4167334702096253,5,[1.e-20 1.e-20 1.e-20 ... 1.e-20 1.e-20 1.e-20],316227,3,3,8,4,3,3,2.6300212236158504,"[9.76438844e-21 9.76438844e-21 9.76438844e-21 ... 9.76438844e-21
 9.76438844e-21 9.76438844e-21]",3.0816704769682146,0.01762637787204455
135,blended_known,S_3,10,3,2,1.4167334702096253,5,[1.e-20 1.e-20 1.e-20 ... 1.e-20 1.e-20 1.e-20],316227,3,3,8,4,4,3,1.7683309549483175,"[9.38228168e-21 9.38228168e-21 9.38228168e-21 ... 9.38228168e-21
 9.38228168e-21 9.38228168e-21]",1.6344459974755565,0.0009925577113268388
136,blended_known,S_3,10,3,2,1.4167334702096253,5,[1.e-20 1.e-20 1.e-20 ... 1.e-20 1.e-20 1.e-20],316227,3,3,8,4,5,3,1.6990524425889737,"[9.5408324e-21 9.5408324e-21 9.5408324e-21 ... 9.5408324e-21 9.5408324e-21
 9.5408324e-21]",1.2911892952254722,0.0007797966555538298
137,blended_known,S_3,10,3,2,1.4167334702096253,5,[1.e-20 1.e-20 1.e-20 ... 1.e-20 1.e-20 1.e-20],316227,3,3,8,4,6,3,2.1779957597044373,"[8.86336946e-21 8.86336946e-21 8.86336946e-21 ... 8.86336946e-21
 8.86336946e-21 8.86336946e-21]",2.938971285904148,0.0023559050402724518
138,blended_known,S_3,10,3,2,1.4167334702096253,5,[1.e-20 1.e-20 1.e-20 ... 1.e-20 1.e-20 1.e-20],316227,3,3,8,4,7,3,1.5139033454609079,[1.e-20 1.e-20 1.e-20 ... 1.e-20 1.e-20 1.e-20],0.2007534355567765,0.00238929508240042
139,blended_known,S_3,10,3,2,1.4167334702096253,5,[1.e-20 1.e-20 1.e-20 ... 1.e-20 1.e-20 1.e-20],316227,3,3,8,4,8,3,5.592659114485074,"[5.13787631e-26 5.13787631e-26 5.13787631e-26 ... 5.13787631e-26
 5.13787631e-26 5.13787631e-26]",25.26049475422319,0.0416587084665044
140,blended_known,S_3,10,3,2,1.4167334702096253,5,[1.e-20 1.e-20 1.e-20 ... 1.e-20 1.e-20 1.e-20],1000000,3,3,8,5,2,3,1.6036022295699437,[1.e-20 1.e-20 1.e-20 ... 1.e-20 1.e-20 1.e-20],0.5222927206770265,0.006242867472437203
141,blended_known,S_3,10,3,2,1.4167334702096253,5,[1.e-20 1.e-20 1.e-20 ... 1.e-20 1.e-20 1.e-20],1000000,3,3,8,5,3,3,1.605254527702737,"[9.97184598e-21 9.97184598e-21 9.97184598e-21 ... 9.97184598e-21
 9.97184598e-21 9.97184598e-21]",0.4859459478807542,0.005314994561975073
142,blended_known,S_3,10,3,2,1.4167334702096253,5,[1.e-20 1.e-20 1.e-20 ... 1.e-20 1.e-20 1.e-20],1000000,3,3,8,5,4,3,3.245443257108635,"[5.3585191e-21 5.3585191e-21 5.3585191e-21 ... 5.3585191e-21 5.3585191e-21
 5.3585191e-21]",12.689205123933618,0.016076499889256312
143,blended_known,S_3,10,3,2,1.4167334702096253,5,[1.e-20 1.e-20 1.e-20 ... 1.e-20 1.e-20 1.e-20],1000000,3,3,8,5,5,3,1.73586635569067,"[9.50846421e-21 9.50846421e-21 9.50846421e-21 ... 9.50846421e-21
 9.50846421e-21 9.50846421e-21]",1.4828081376468871,0.0009562644353340901
144,blended_known,S_3,10,3,2,1.4167334702096253,5,[1.e-20 1.e-20 1.e-20 ... 1.e-20 1.e-20 1.e-20],1000000,3,3,8,5,6,3,4.767894546727777,"[3.88232946e-21 3.88232946e-21 3.88232946e-21 ... 3.88232946e-21
 3.88232946e-21 3.88232946e-21]",15.875982683598282,0.012898251011653539
145,blended_known,S_3,10,3,2,1.4167334702096253,5,[1.e-20 1.e-20 1.e-20 ... 1.e-20 1.e-20 1.e-20],1000000,3,3,8,5,7,3,5.978220610876116,"[1.41724349e-21 1.41724349e-21 1.41724349e-21 ... 1.41724349e-21
 1.41724349e-21 1.41724349e-21]",19.596260763714238,0.017698080569950054
146,blended_known,S_3,10,3,2,1.4167334702096253,5,[1.e-20 1.e-20 1.e-20 ... 1.e-20 1.e-20 1.e-20],1000000,3,3,8,5,8,3,4.679321906709516,"[1.85057389e-27 1.85057389e-27 1.85057389e-27 ... 1.85057389e-27
 1.85057389e-27 1.85057389e-27]",19.48363031466751,0.007944433564699876
147,blended_known,S_5,10,5,0,2.0243481346218455,5,[1.e-20 1.e-20 1.e-20 ... 1.e-20 1.e-20 1.e-20],1000,2,2,4,2,2,5,2.797172651102382,"[8.46040832e-21 8.46040832e-21 8.46040832e-21 ... 8.46040832e-21
 8.46040832e-21 8.46040832e-21]",9.72226823161535,0.0012694985779901306
148,blended_known,S_5,10,5,0,2.0243481346218455,5,[1.e-20 1.e-20 1.e-20 ... 1.e-20 1.e-20 1.e-20],1000,2,2,4,2,3,5,4.304244788179619,"[2.459289e-21 2.459289e-21 2.459289e-21 ... 2.459289e-21 2.459289e-21
 2.459289e-21]",20.060043913192683,0.004759649051298054
149,blended_known,S_5,10,5,0,2.0243481346218455,5,[1.e-20 1.e-20 1.e-20 ... 1.e-20 1.e-20 1.e-20],1000,2,2,4,2,4,5,4.296092591933313,"[6.29971839e-22 6.29971839e-22 6.29971839e-22 ... 6.29971839e-22
 6.29971839e-22 6.29971839e-22]",18.61455468162882,0.0035817469737329005
150,blended_known,S_5,10,5,0,2.0243481346218455,5,[1.e-20 1.e-20 1.e-20 ... 1.e-20 1.e-20 1.e-20],3162,2,2,4,3,2,5,2.2494763936451196,[1.e-20 1.e-20 1.e-20 ... 1.e-20 1.e-20 1.e-20],0.6259162749580619,0.0008165487741948941
151,blended_known,S_5,10,5,0,2.0243481346218455,5,[1.e-20 1.e-20 1.e-20 ... 1.e-20 1.e-20 1.e-20],3162,2,2,4,3,3,5,3.1714139623366306,"[9.07927616e-21 9.07927616e-21 9.07927616e-21 ... 9.07927616e-21
 9.07927616e-21 9.07927616e-21]",6.417086111840046,0.0009771551453516439
152,blended_known,S_5,10,5,0,2.0243481346218455,5,[1.e-20 1.e-20 1.e-20 ... 1.e-20 1.e-20 1.e-20],3162,2,2,4,3,4,5,3.3464805499505195,"[9.09779671e-21 9.09779671e-21 9.09779671e-21 ... 9.09779671e-21
 9.09779671e-21 9.09779671e-21]",6.000260542893532,0.0009796891572436944
153,blended_known,S_5,10,5,0,2.0243481346218455,5,[1.e-20 1.e-20 1.e-20 ... 1.e-20 1.e-20 1.e-20],10000,2,2,4,4,2,5,2.2643103293611104,"[9.56728295e-21 9.56728295e-21 9.56728295e-21 ... 9.56728295e-21
 9.56728295e-21 9.56728295e-21]",1.4024684207313687,0.0008796059353054683
154,blended_known,S_5,10,5,0,2.0243481346218455,5,[1.e-20 1.e-20 1.e-20 ... 1.e-20 1.e-20 1.e-20],10000,2,2,4,4,3,5,5.9815254090086265,"[9.86136155e-34 9.86136155e-34 9.86136155e-34 ... 9.86136155e-34
 9.86136155e-34 9.86136155e-34]",36.2739736115252,0.00911452966417276
155,blended_known,S_5,10,5,0,2.0243481346218455,5,[1.e-20 1.e-20 1.e-20 ... 1.e-20 1.e-20 1.e-20],10000,2,2,4,4,4,5,5.519304050488176,"[2.20048554e-25 2.20048554e-25 2.20048554e-25 ... 2.20048554e-25
 2.20048554e-25 2.20048554e-25]",24.355918243685966,0.008586711877706609
156,blended_known,S_5,10,5,0,2.0243481346218455,5,[1.e-20 1.e-20 1.e-20 ... 1.e-20 1.e-20 1.e-20],31622,2,2,4,5,2,5,4.512395235650389,"[3.96575936e-22 3.96575936e-22 3.96575936e-22 ... 3.96575936e-22
 3.96575936e-22 3.96575936e-22]",21.38567370037,0.004172766250940353
157,blended_known,S_5,10,5,0,2.0243481346218455,5,[1.e-20 1.e-20 1.e-20 ... 1.e-20 1.e-20 1.e-20],31622,2,2,4,5,3,5,4.482258198502722,"[1.63857543e-22 1.63857543e-22 1.63857543e-22 ... 1.63857543e-22
 1.63857543e-22 1.63857543e-22]",21.745161640653603,0.004222862012962002
158,blended_known,S_5,10,5,0,2.0243481346218455,5,[1.e-20 1.e-20 1.e-20 ... 1.e-20 1.e-20 1.e-20],31622,2,2,4,5,4,5,4.587832561451501,"[6.00315817e-22 6.00315817e-22 6.00315817e-22 ... 6.00315817e-22
 6.00315817e-22 6.00315817e-22]",20.68701003556426,0.004999216096941113
159,blended_known,S_5,10,5,0,2.0243481346218455,5,[1.e-20 1.e-20 1.e-20 ... 1.e-20 1.e-20 1.e-20],100000,2,2,4,7,2,5,5.460506336118898,"[6.40110197e-22 6.40110197e-22 6.40110197e-22 ... 6.40110197e-22
 6.40110197e-22 6.40110197e-22]",21.58424056742081,0.004492177880174805
160,blended_known,S_5,10,5,0,2.0243481346218455,5,[1.e-20 1.e-20 1.e-20 ... 1.e-20 1.e-20 1.e-20],100000,2,2,4,7,3,5,3.072917958574672,"[5.26094293e-21 5.26094293e-21 5.26094293e-21 ... 5.26094293e-21
 5.26094293e-21 5.26094293e-21]",9.365470988001249,0.0007861760173975034
161,blended_known,S_5,10,5,0,2.0243481346218455,5,[1.e-20 1.e-20 1.e-20 ... 1.e-20 1.e-20 1.e-20],100000,2,2,4,7,4,5,3.985513139548758,"[4.71069907e-22 4.71069907e-22 4.71069907e-22 ... 4.71069907e-22
 4.71069907e-22 4.71069907e-22]",18.379477652951067,0.0051556122046182325
162,blended_known,S_5,10,5,0,2.0243481346218455,5,[1.e-20 1.e-20 1.e-20 ... 1.e-20 1.e-20 1.e-20],316227,2,2,4,8,2,5,5.008664421211924,"[2.41775424e-21 2.41775424e-21 2.41775424e-21 ... 2.41775424e-21
 2.41775424e-21 2.41775424e-21]",20.643382827164288,0.0021570163808933424
163,blended_known,S_5,10,5,0,2.0243481346218455,5,[1.e-20 1.e-20 1.e-20 ... 1.e-20 1.e-20 1.e-20],316227,2,2,4,8,3,5,3.1810373770448797,"[3.7693968e-21 3.7693968e-21 3.7693968e-21 ... 3.7693968e-21 3.7693968e-21
 3.7693968e-21]",11.245474622810132,0.0012374074004758073
164,blended_known,S_5,10,5,0,2.0243481346218455,5,[1.e-20 1.e-20 1.e-20 ... 1.e-20 1.e-20 1.e-20],316227,2,2,4,8,4,5,4.651591621723092,"[1.27155334e-21 1.27155334e-21 1.27155334e-21 ... 1.27155334e-21
 1.27155334e-21 1.27155334e-21]",17.942582381979406,0.006743277963609067
165,blended_known,S_5,10,5,0,2.0243481346218455,5,[1.e-20 1.e-20 1.e-20 ... 1.e-20 1.e-20 1.e-20],1000000,2,2,4,8,2,5,2.1952406635656883,[1.e-20 1.e-20 1.e-20 ... 1.e-20 1.e-20 1.e-20],0.4586357289574997,0.0007075161444249819
166,blended_known,S_5,10,5,0,2.0243481346218455,5,[1.e-20 1.e-20 1.e-20 ... 1.e-20 1.e-20 1.e-20],1000000,2,2,4,8,3,5,6.2340079837586515,"[9.65687621e-23 9.65687621e-23 9.65687621e-23 ... 9.65687621e-23
 9.65687621e-23 9.65687621e-23]",21.9788772017644,0.002854242493954943
167,blended_known,S_5,10,5,0,2.0243481346218455,5,[1.e-20 1.e-20 1.e-20 ... 1.e-20 1.e-20 1.e-20],1000000,2,2,4,8,4,5,6.72667395904576,"[1.39503525e-24 1.39503525e-24 1.39503525e-24 ... 1.39503525e-24
 1.39503525e-24 1.39503525e-24]",24.103833700877207,0.00268570445943423
168,blended_known,S_5,10,5,1,2.0336589144373676,5,[1.e-20 1.e-20 1.e-20 ... 1.e-20 1.e-20 1.e-20],1000,2,2,4,2,2,5,2.3900849717782706,"[9.91169766e-21 9.91169766e-21 9.91169766e-21 ... 9.91169766e-21
 9.91169766e-21 9.91169766e-21]",1.772402173831968,0.0008266345579538681
169,blended_known,S_5,10,5,1,2.0336589144373676,5,[1.e-20 1.e-20 1.e-20 ... 1.e-20 1.e-20 1.e-20],1000,2,2,4,2,3,5,3.9142389598768736,"[2.39784271e-21 2.39784271e-21 2.39784271e-21 ... 2.39784271e-21
 2.39784271e-21 2.39784271e-21]",13.71629176256827,0.0015890810687059886
170,blended_known,S_5,10,5,1,2.0336589144373676,5,[1.e-20 1.e-20 1.e-20 ... 1.e-20 1.e-20 1.e-20],1000,2,2,4,2,4,5,4.612919994586224,"[1.38680836e-21 1.38680836e-21 1.38680836e-21 ... 1.38680836e-21
 1.38680836e-21 1.38680836e-21]",18.079689308117942,0.0015156046486719515
171,blended_known,S_5,10,5,1,2.0336589144373676,5,[1.e-20 1.e-20 1.e-20 ... 1.e-20 1.e-20 1.e-20],3162,2,2,4,3,2,5,2.1998971694642666,[1.e-20 1.e-20 1.e-20 ... 1.e-20 1.e-20 1.e-20],0.4380075605106911,0.0005502350950511224
172,blended_known,S_5,10,5,1,2.0336589144373676,5,[1.e-20 1.e-20 1.e-20 ... 1.e-20 1.e-20 1.e-20],3162,2,2,4,3,3,5,4.604742855068893,"[7.50653569e-22 7.50653569e-22 7.50653569e-22 ... 7.50653569e-22
 7.50653569e-22 7.50653569e-22]",17.485560831438498,0.0022784413393097482
173,blended_known,S_5,10,5,1,2.0336589144373676,5,[1.e-20 1.e-20 1.e-20 ... 1.e-20 1.e-20 1.e-20],3162,2,2,4,3,4,5,4.972314801220415,"[2.30930018e-23 2.30930018e-23 2.30930018e-23 ... 2.30930018e-23
 2.30930018e-23 2.30930018e-23]",22.760674698862502,0.0049971138227127235
174,blended_known,S_5,10,5,1,2.0336589144373676,5,[1.e-20 1.e-20 1.e-20 ... 1.e-20 1.e-20 1.e-20],10000,2,2,4,4,2,5,2.3031515428104012,[1.e-20 1.e-20 1.e-20 ... 1.e-20 1.e-20 1.e-20],0.6977360216188738,0.0009459212830378767
175,blended_known,S_5,10,5,1,2.0336589144373676,5,[1.e-20 1.e-20 1.e-20 ... 1.e-20 1.e-20 1.e-20],10000,2,2,4,4,3,5,3.3179647156785412,"[3.25076835e-21 3.25076835e-21 3.25076835e-21 ... 3.25076835e-21
 3.25076835e-21 3.25076835e-21]",12.653750513017934,0.012833797504693874
176,blended_known,S_5,10,5,1,2.0336589144373676,5,[1.e-20 1.e-20 1.e-20 ... 1.e-20 1.e-20 1.e-20],10000,2,2,4,4,4,5,4.528043112015646,"[1.46724383e-22 1.46724383e-22 1.46724383e-22 ... 1.46724383e-22
 1.46724383e-22 1.46724383e-22]",12.93087386280987,0.0012898621720848615
177,blended_known,S_5,10,5,1,2.0336589144373676,5,[1.e-20 1.e-20 1.e-20 ... 1.e-20 1.e-20 1.e-20],31622,2,2,4,5,2,5,2.20997552292286,[1.e-20 1.e-20 1.e-20 ... 1.e-20 1.e-20 1.e-20],0.4902050433984814,0.0007348563792510731
178,blended_known,S_5,10,5,1,2.0336589144373676,5,[1.e-20 1.e-20 1.e-20 ... 1.e-20 1.e-20 1.e-20],31622,2,2,4,5,3,5,2.175205785989454,[1.e-20 1.e-20 1.e-20 ... 1.e-20 1.e-20 1.e-20],0.3731344332864758,0.0006242925307232972
179,blended_known,S_5,10,5,1,2.0336589144373676,5,[1.e-20 1.e-20 1.e-20 ... 1.e-20 1.e-20 1.e-20],31622,2,2,4,5,4,5,4.969018463056813,"[3.42803921e-22 3.42803921e-22 3.42803921e-22 ... 3.42803921e-22
 3.42803921e-22 3.42803921e-22]",20.867477042893093,0.0025977916151664615
180,blended_known,S_5,10,5,1,2.0336589144373676,5,[1.e-20 1.e-20 1.e-20 ... 1.e-20 1.e-20 1.e-20],100000,2,2,4,7,2,5,2.975395855462355,"[7.32334682e-21 7.32334682e-21 7.32334682e-21 ... 7.32334682e-21
 7.32334682e-21 7.32334682e-21]",10.212423802304086,0.0019310959639915427
181,blended_known,S_5,10,5,1,2.0336589144373676,5,[1.e-20 1.e-20 1.e-20 ... 1.e-20 1.e-20 1.e-20],100000,2,2,4,7,3,5,2.8668955922360553,"[5.62275376e-21 5.62275376e-21 5.62275376e-21 ... 5.62275376e-21
 5.62275376e-21 5.62275376e-21]",11.724965569623551,0.0018028337370858275
182,blended_known,S_5,10,5,1,2.0336589144373676,5,[1.e-20 1.e-20 1.e-20 ... 1.e-20 1.e-20 1.e-20],100000,2,2,4,7,4,5,5.065627217520526,"[1.98874605e-21 1.98874605e-21 1.98874605e-21 ... 1.98874605e-21
 1.98874605e-21 1.98874605e-21]",20.189347769668952,0.0021296485455705905
183,blended_known,S_5,10,5,1,2.0336589144373676,5,[1.e-20 1.e-20 1.e-20 ... 1.e-20 1.e-20 1.e-20],316227,2,2,4,7,2,5,2.7838449091175375,"[6.42719285e-21 6.42719285e-21 6.42719285e-21 ... 6.42719285e-21
 6.42719285e-21 6.42719285e-21]",12.208331222443217,0.0012949060133645538
184,blended_known,S_5,10,5,1,2.0336589144373676,5,[1.e-20 1.e-20 1.e-20 ... 1.e-20 1.e-20 1.e-20],316227,2,2,4,7,3,5,2.8168405743507745,"[3.80954191e-21 3.80954191e-21 3.80954191e-21 ... 3.80954191e-21
 3.80954191e-21 3.80954191e-21]",13.009502362668245,0.0011809329105277858
185,blended_known,S_5,10,5,1,2.0336589144373676,5,[1.e-20 1.e-20 1.e-20 ... 1.e-20 1.e-20 1.e-20],316227,2,2,4,7,4,5,4.449273752111713,"[3.75437176e-24 3.75437176e-24 3.75437176e-24 ... 3.75437176e-24
 3.75437176e-24 3.75437176e-24]",18.396355764914574,0.0033773241920571555
186,blended_known,S_5,10,5,1,2.0336589144373676,5,[1.e-20 1.e-20 1.e-20 ... 1.e-20 1.e-20 1.e-20],1000000,2,2,4,8,2,5,5.351747305284312,"[9.39749722e-22 9.39749722e-22 9.39749722e-22 ... 9.39749722e-22
 9.39749722e-22 9.39749722e-22]",21.82621560084102,0.002517784339208254
187,blended_known,S_5,10,5,1,2.0336589144373676,5,[1.e-20 1.e-20 1.e-20 ... 1.e-20 1.e-20 1.e-20],1000000,2,2,4,8,3,5,3.4500325666117218,"[5.79852779e-21 5.79852779e-21 5.79852779e-21 ... 5.79852779e-21
 5.79852779e-21 5.79852779e-21]",13.26348984906909,0.0016627785264231873
188,blended_known,S_5,10,5,1,2.0336589144373676,5,[1.e-20 1.e-20 1.e-20 ... 1.e-20 1.e-20 1.e-20],1000000,2,2,4,8,4,5,6.925595140164855,"[3.5500271e-24 3.5500271e-24 3.5500271e-24 ... 3.5500271e-24 3.5500271e-24
 3.5500271e-24]",36.09711598349374,0.0065811552955870435
189,blended_known,S_5,10,5,2,2.0357158059095712,5,[1.e-20 1.e-20 1.e-20 ... 1.e-20 1.e-20 1.e-20],1000,2,2,4,2,2,5,5.113208668707275,"[2.7297283e-25 2.7297283e-25 2.7297283e-25 ... 2.7297283e-25 2.7297283e-25
 2.7297283e-25]",25.680403446877527,0.0036201148872834874
190,blended_known,S_5,10,5,2,2.0357158059095712,5,[1.e-20 1.e-20 1.e-20 ... 1.e-20 1.e-20 1.e-20],1000,2,2,4,2,3,5,4.663925056613051,"[4.35817881e-26 4.35817881e-26 4.35817881e-26 ... 4.35817881e-26
 4.35817881e-26 4.35817881e-26]",26.299357396134297,0.008005181876240067
191,blended_known,S_5,10,5,2,2.0357158059095712,5,[1.e-20 1.e-20 1.e-20 ... 1.e-20 1.e-20 1.e-20],1000,2,2,4,2,4,5,4.6818469336956685,"[4.37001338e-23 4.37001338e-23 4.37001338e-23 ... 4.37001338e-23
 4.37001338e-23 4.37001338e-23]",22.469256911501855,0.005614574056923345
192,blended_known,S_5,10,5,2,2.0357158059095712,5,[1.e-20 1.e-20 1.e-20 ... 1.e-20 1.e-20 1.e-20],3162,2,2,4,4,2,5,5.802989724834907,"[3.58693864e-23 3.58693864e-23 3.58693864e-23 ... 3.58693864e-23
 3.58693864e-23 3.58693864e-23]",23.01868736275693,0.003720100734135693
193,blended_known,S_5,10,5,2,2.0357158059095712,5,[1.e-20 1.e-20 1.e-20 ... 1.e-20 1.e-20 1.e-20],3162,2,2,4,4,3,5,4.336095897760499,"[3.84271156e-21 3.84271156e-21 3.84271156e-21 ... 3.84271156e-21
 3.84271156e-21 3.84271156e-21]",19.558402599216134,0.002085235456225548
194,blended_known,S_5,10,5,2,2.0357158059095712,5,[1.e-20 1.e-20 1.e-20 ... 1.e-20 1.e-20 1.e-20],3162,2,2,4,4,4,5,5.027463982588087,"[4.18292269e-25 4.18292269e-25 4.18292269e-25 ... 4.18292269e-25
 4.18292269e-25 4.18292269e-25]",24.8239067214597,0.003647261681079248
195,blended_known,S_5,10,5,2,2.0357158059095712,5,[1.e-20 1.e-20 1.e-20 ... 1.e-20 1.e-20 1.e-20],10000,2,2,4,4,2,5,2.326043324930581,"[9.97874055e-21 9.97874055e-21 9.97874055e-21 ... 9.97874055e-21
 9.97874055e-21 9.97874055e-21]",0.9618427187602525,0.000933679074200826
196,blended_known,S_5,10,5,2,2.0357158059095712,5,[1.e-20 1.e-20 1.e-20 ... 1.e-20 1.e-20 1.e-20],10000,2,2,4,4,3,5,4.718854234187551,"[1.49909602e-21 1.49909602e-21 1.49909602e-21 ... 1.49909602e-21
 1.49909602e-21 1.49909602e-21]",21.124786471903434,0.0018810543291365586
197,blended_known,S_5,10,5,2,2.0357158059095712,5,[1.e-20 1.e-20 1.e-20 ... 1.e-20 1.e-20 1.e-20],10000,2,2,4,4,4,5,4.732237872122113,"[8.57220003e-28 8.57220003e-28 8.57220003e-28 ... 8.57220003e-28
 8.57220003e-28 8.57220003e-28]",28.64564704568437,0.006612361964780995
198,blended_known,S_5,10,5,2,2.0357158059095712,5,[1.e-20 1.e-20 1.e-20 ... 1.e-20 1.e-20 1.e-20],31622,2,2,4,5,2,5,2.275832511100691,"[9.99567034e-21 9.99567034e-21 9.99567034e-21 ... 9.99567034e-21
 9.99567034e-21 9.99567034e-21]",1.131483374743718,0.0006544944367746046
199,blended_known,S_5,10,5,2,2.0357158059095712,5,[1.e-20 1.e-20 1.e-20 ... 1.e-20 1.e-20 1.e-20],31622,2,2,4,5,3,5,6.593781661846301,"[5.51404341e-25 5.51404341e-25 5.51404341e-25 ... 5.51404341e-25
 5.51404341e-25 5.51404341e-25]",25.071804208999744,0.002631832926134476
200,blended_known,S_5,10,5,2,2.0357158059095712,5,[1.e-20 1.e-20 1.e-20 ... 1.e-20 1.e-20 1.e-20],31622,2,2,4,5,4,5,5.046246413500595,"[1.7312062e-22 1.7312062e-22 1.7312062e-22 ... 1.7312062e-22 1.7312062e-22
 1.7312062e-22]",21.541025470713183,0.002923673399937089
201,blended_known,S_5,10,5,2,2.0357158059095712,5,[1.e-20 1.e-20 1.e-20 ... 1.e-20 1.e-20 1.e-20],100000,2,2,4,7,2,5,2.2249806975214783,[1.e-20 1.e-20 1.e-20 ... 1.e-20 1.e-20 1.e-20],0.5386661413255815,0.0007931281647623243
202,blended_known,S_5,10,5,2,2.0357158059095712,5,[1.e-20 1.e-20 1.e-20 ... 1.e-20 1.e-20 1.e-20],100000,2,2,4,7,3,5,5.436476905692605,"[4.58576351e-22 4.58576351e-22 4.58576351e-22 ... 4.58576351e-22
 4.58576351e-22 4.58576351e-22]",22.705304276616214,0.003819489999422607
203,blended_known,S_5,10,5,2,2.0357158059095712,5,[1.e-20 1.e-20 1.e-20 ... 1.e-20 1.e-20 1.e-20],100000,2,2,4,7,4,5,7.194223610766539,"[7.18245932e-25 7.18245932e-25 7.18245932e-25 ... 7.18245932e-25
 7.18245932e-25 7.18245932e-25]",24.497058959656457,0.0019266653336007698
204,blended_known,S_5,10,5,2,2.0357158059095712,5,[1.e-20 1.e-20 1.e-20 ... 1.e-20 1.e-20 1.e-20],316227,2,2,4,7,2,5,2.209724349578557,[1.e-20 1.e-20 1.e-20 ... 1.e-20 1.e-20 1.e-20],0.4877859496093716,0.0007422662896802005
205,blended_known,S_5,10,5,2,2.0357158059095712,5,[1.e-20 1.e-20 1.e-20 ... 1.e-20 1.e-20 1.e-20],316227,2,2,4,7,3,5,4.532461906295629,"[3.18359113e-23 3.18359113e-23 3.18359113e-23 ... 3.18359113e-23
 3.18359113e-23 3.18359113e-23]",21.859158366339233,0.0017996117345978843
206,blended_known,S_5,10,5,2,2.0357158059095712,5,[1.e-20 1.e-20 1.e-20 ... 1.e-20 1.e-20 1.e-20],316227,2,2,4,7,4,5,6.0409000817909035,"[3.41799777e-22 3.41799777e-22 3.41799777e-22 ... 3.41799777e-22
 3.41799777e-22 3.41799777e-22]",20.905185324785517,0.0032775788375708536
207,blended_known,S_5,10,5,2,2.0357158059095712,5,[1.e-20 1.e-20 1.e-20 ... 1.e-20 1.e-20 1.e-20],1000000,2,2,4,8,2,5,2.2900542938653548,"[9.99997063e-21 9.99997063e-21 9.99997063e-21 ... 9.99997063e-21
 9.99997063e-21 9.99997063e-21]",0.7226317906678605,0.0009413271253594031
208,blended_known,S_5,10,5,2,2.0357158059095712,5,[1.e-20 1.e-20 1.e-20 ... 1.e-20 1.e-20 1.e-20],1000000,2,2,4,8,3,5,4.043212477868072,"[3.29478645e-23 3.29478645e-23 3.29478645e-23 ... 3.29478645e-23
 3.29478645e-23 3.29478645e-23]",21.70525966054837,0.0025563896861137583
209,blended_known,S_5,10,5,2,2.0357158059095712,5,[1.e-20 1.e-20 1.e-20 ... 1.e-20 1.e-20 1.e-20],1000000,2,2,4,8,4,5,5.988377292788103,"[5.68445506e-22 5.68445506e-22 5.68445506e-22 ... 5.68445506e-22
 5.68445506e-22 5.68445506e-22]",22.005874345062622,0.002467849807368035
